maker,name,used_count,used_price_min,used_price_max,new_price_min,new_price_max,new_count,displacement_cc,class_label,category,category_rank,review_score,review_count,owner_count,source_url,fetched_at
ホンダ,GORILLA ゴリラ,49,150000,1250000,,,,49,50cc以下,ネイキッド＆ストリート,198,4.4,26,620,https://www.bikebros.co.jp/catalog/1/100_1/,2026-09-05
ホンダ,JADE/S ジェイド/S,28,420000,920000,,,,249,126～250cc,ネイキッド＆ストリート,285,4.5,25,418,https://www.bikebros.co.jp/catalog/1/101_1/,2026-09-05
ホンダ,GYRO UP ジャイロアップ,23,149900,429800,,,,49,50cc以下,原付・スクーター,904,5,1,101,https://www.bikebros.co.jp/catalog/1/102_1/,2026-09-05
ホンダ,GYRO X ジャイロX,158,118000,788000,,,,49,50cc以下,原付・スクーター,367,3.5,8,307,https://www.bikebros.co.jp/catalog/1/102_2/,2026-09-05
ホンダ,GYRO CANOPY ジャイロキャノピー,245,106000,759000,519000,1200000,3,49,50cc以下,原付・スクーター,181,4.3,12,617,https://www.bikebros.co.jp/catalog/1/102_3/,2026-09-05
ホンダ,JAZZ ジャズ,48,148000,490000,,,,49,50cc以下,ビジネスバイク＆ミニバイク,226,4.5,76,534,https://www.bikebros.co.jp/catalog/1/103_1/,2026-09-05
ホンダ,Shadow 50 シャドウ50,2,182000,250000,,,,,50cc以下,原付・スクーター,3971,0,0,6,https://www.bikebros.co.jp/catalog/1/105_1/,2026-09-05
ホンダ,Shadow Phantom 750 シャドウ ファントム 750,9,650000,1098000,,,,745,401～750cc,アメリカン＆クルーザー,641,4.4,11,111,https://www.bikebros.co.jp/catalog/1/105_10/,2026-09-05
ホンダ,Shadow Classic 400 シャドウクラシック400,7,499000,792200,,,,398,251～400cc,アメリカン＆クルーザー,829,0,0,172,https://www.bikebros.co.jp/catalog/1/105_11/,2026-09-05
ホンダ,Shadow 400 シャドウ400,56,248000,1097800,,,,398,251～400cc,アメリカン＆クルーザー,146,4.6,52,581,https://www.bikebros.co.jp/catalog/1/105_3/,2026-09-05
ホンダ,Shadow Slasher シャドウスラッシャー,34,328000,800000,,,,398,251～400cc,アメリカン＆クルーザー,253,4.4,9,282,https://www.bikebros.co.jp/catalog/1/105_4/,2026-09-05
ホンダ,Shadow 750 シャドウ750,14,238000,772000,,,,745,401～750cc,アメリカン＆クルーザー,319,4.5,16,194,https://www.bikebros.co.jp/catalog/1/105_6/,2026-09-05
ホンダ,Shadow Custom 400 シャドウカスタム400,4,598000,798000,,,,398,251～400cc,アメリカン＆クルーザー,1288,4,1,51,https://www.bikebros.co.jp/catalog/1/105_9/,2026-09-05
ホンダ,CHALY 50 シャリィ50,30,110000,909000,,,,49,50cc以下,原付・スクーター,202,4.7,10,347,https://www.bikebros.co.jp/catalog/1/106_1/,2026-09-05
ホンダ,CHALY 70 シャリィ70,4,219000,410000,,,,72,51～125cc,ビジネスバイク＆ミニバイク,1289,0,0,75,https://www.bikebros.co.jp/catalog/1/106_3/,2026-09-05
ホンダ,Julio ジュリオ,17,75000,318000,550000,670000,3,49,50cc以下,原付・スクーター,856,4.4,9,53,https://www.bikebros.co.jp/catalog/1/108_1/,2026-09-05
ホンダ,JOKER 50 ジョーカー50,30,99900,909000,,,,49,50cc以下,原付・スクーター,905,3.8,9,85,https://www.bikebros.co.jp/catalog/1/110_1/,2026-09-05
ホンダ,JOKER 90 ジョーカー90,18,140000,299000,,,,89,51～125cc,原付・スクーター,670,4.4,8,155,https://www.bikebros.co.jp/catalog/1/110_2/,2026-09-05
ホンダ,Giorno ジョルノ,419,49700,308000,209000,340000,105,49,50cc以下,原付・スクーター,82,4,7,384,https://www.bikebros.co.jp/catalog/1/111_2/,2026-09-05
ホンダ,Giorno Crea ジョルノクレア,3,64800,140000,,,,49,50cc以下,原付・スクーター,1248,4.3,3,43,https://www.bikebros.co.jp/catalog/1/111_3/,2026-09-05
ホンダ,SilverWing GT400 シルバーウイングGT400,5,448000,598000,,,,398,251～400cc,ビッグスクーター,685,0,0,76,https://www.bikebros.co.jp/catalog/1/113_3/,2026-09-05
ホンダ,ZOOK ズーク,7,49800,228000,,,,49,50cc以下,原付・スクーター,719,4.6,5,40,https://www.bikebros.co.jp/catalog/1/114_1/,2026-09-05
ホンダ,Super Cub C100 スーパーカブC100,5,385000,589000,,,,49,50cc以下,ビジネスバイク＆ミニバイク,1571,5,2,33,https://www.bikebros.co.jp/catalog/1/115_1/,2026-09-05
ホンダ,Press Cub 50 プレスカブ50,8,94800,188000,,,,49,50cc以下,ビジネスバイク＆ミニバイク,618,4.5,2,104,https://www.bikebros.co.jp/catalog/1/115_13/,2026-09-05
ホンダ,Little Cub リトルカブ,236,80000,480000,286000,800000,2,49,50cc以下,ビジネスバイク＆ミニバイク,237,4.5,55,1168,https://www.bikebros.co.jp/catalog/1/115_15/,2026-09-05
ホンダ,CT110 HUNTER Cub CT110 ハンターカブ,30,304100,599000,,,,105,51～125cc,ネイキッド＆ストリート,686,4.2,8,280,https://www.bikebros.co.jp/catalog/1/115_20/,2026-09-05
ホンダ,MD90,5,219000,451000,,,,,51～125cc,ネイキッド＆ストリート,2971,5,3,45,https://www.bikebros.co.jp/catalog/1/115_22/,2026-09-05
ホンダ,Super Cub 100 / Cub 100 EX スーパーカブ100 / カブ100EX,2,162000,217800,,,,97,51～125cc,ビジネスバイク＆ミニバイク,969,4,1,66,https://www.bikebros.co.jp/catalog/1/115_24/,2026-09-05
ホンダ,Super Cub 70 スーパーカブ70,9,170000,378000,,,,72,51～125cc,ビジネスバイク＆ミニバイク,320,4.2,4,271,https://www.bikebros.co.jp/catalog/1/115_26/,2026-09-05
ホンダ,Super Cub 90 スーパーカブ90,58,149600,468000,,,,85,51～125cc,ビジネスバイク＆ミニバイク,63,4,26,1020,https://www.bikebros.co.jp/catalog/1/115_27/,2026-09-05
ホンダ,Super Cub C105 スーパーカブC105,2,420000,550000,,,,54,51～125cc,ビジネスバイク＆ミニバイク,2169,0,0,16,https://www.bikebros.co.jp/catalog/1/115_28/,2026-09-05
ホンダ,Super Cub 110 スーパーカブ110,252,110000,428000,281000,445000,704,109,51～125cc,ビジネスバイク＆ミニバイク,72,4.5,22,1540,https://www.bikebros.co.jp/catalog/1/115_29/,2026-09-05
ホンダ,Hunter Cub CT50 ハンターカブCT50,2,420000,450000,,,,49,50cc以下,オフロード＆モタード,1290,0,0,5,https://www.bikebros.co.jp/catalog/1/115_3/,2026-09-05
ホンダ,Super Cub 50 PRO スーパーカブ50プロ,43,89800,270000,261800,308000,13,49,50cc以下,ビジネスバイク＆ミニバイク,921,1,1,85,https://www.bikebros.co.jp/catalog/1/115_31/,2026-09-05
ホンダ,Super Cub 110 PRO スーパーカブ110プロ,20,144400,358000,320900,539900,60,109,51～125cc,ビジネスバイク＆ミニバイク,426,4.8,6,282,https://www.bikebros.co.jp/catalog/1/115_36/,2026-09-05
ホンダ,CrossCub 110 クロスカブ110,309,169900,480100,328000,550000,684,109,51～125cc,オフロード＆モタード,66,4.5,22,1574,https://www.bikebros.co.jp/catalog/1/115_37/,2026-09-05
ホンダ,MD50,2,199000,478000,,,,,50cc以下,ネイキッド＆ストリート,3262,3,1,15,https://www.bikebros.co.jp/catalog/1/115_4/,2026-09-05
ホンダ,Super Cub 50 スーパーカブ50,443,77000,909000,231000,394000,702,49,50cc以下,ビジネスバイク＆ミニバイク,22,4.2,36,1828,https://www.bikebros.co.jp/catalog/1/115_7/,2026-09-05
ホンダ,ZOOMER ズーマー,353,100000,1198900,600000,650000,3,49,50cc以下,原付・スクーター,162,4.4,91,1251,https://www.bikebros.co.jp/catalog/1/116_1/,2026-09-05
ホンダ,ZOOMER-X ズーマーX,32,158000,288800,,,,107,51～125cc,ビッグスクーター,779,4,3,204,https://www.bikebros.co.jp/catalog/1/116_3/,2026-09-05
ホンダ,SQUASH/Deluxe スカッシュ/デラックス,7,118000,398000,,,,49,50cc以下,原付・スクーター,736,0,0,38,https://www.bikebros.co.jp/catalog/1/118_1/,2026-09-05
ホンダ,STEED 400 スティード400,167,198000,1900000,,,,398,251～400cc,アメリカン＆クルーザー,125,4.4,50,908,https://www.bikebros.co.jp/catalog/1/119_1/,2026-09-05
ホンダ,STEED 600 スティード600,8,380000,825000,,,,583,401～750cc,アメリカン＆クルーザー,1291,3.5,2,72,https://www.bikebros.co.jp/catalog/1/119_2/,2026-09-05
ホンダ,DREAM CL350 ドリームCL350,3,670000,1300000,,,,325,251～400cc,ネイキッド＆ストリート,3960,0,0,3,https://www.bikebros.co.jp/catalog/1/11_3/,2026-09-05
ホンダ,CL400,7,368000,698000,,,,397,251～400cc,ネイキッド＆ストリート,872,4.3,3,62,https://www.bikebros.co.jp/catalog/1/11_5/,2026-09-05
ホンダ,CL500,47,596000,888000,716000,973500,9,471,401～750cc,ネイキッド＆ストリート,244,0,0,22,https://www.bikebros.co.jp/catalog/1/11_7/,2026-09-05
ホンダ,STREAM ストリーム,4,68000,389800,,,,49,50cc以下,原付・スクーター,1642,3.5,2,13,https://www.bikebros.co.jp/catalog/1/120_1/,2026-09-05
ホンダ,SPACY 100 スペイシー100,25,80000,158000,,,,102,51～125cc,原付・スクーター,507,4.4,21,329,https://www.bikebros.co.jp/catalog/1/122_2/,2026-09-05
ホンダ,SPACY 125 スペイシー125,4,100000,308000,,,,124,51～125cc,ビッグスクーター,473,3.9,7,86,https://www.bikebros.co.jp/catalog/1/122_3/,2026-09-05
ホンダ,Solo ソロ,14,255000,378000,,,,49,50cc以下,ネイキッド＆ストリート,654,4,12,116,https://www.bikebros.co.jp/catalog/1/125_1/,2026-09-05
ホンダ,TACT / BASIC タクト/ベーシック,467,39800,268000,147900,252500,74,49,50cc以下,原付・スクーター,215,3.7,3,181,https://www.bikebros.co.jp/catalog/1/127_2/,2026-09-05
ホンダ,DAX/ST50 ダックス/ST50,28,200000,700000,,,,49,50cc以下,ビジネスバイク＆ミニバイク,344,4.2,10,315,https://www.bikebros.co.jp/catalog/1/128_1/,2026-09-05
ホンダ,DAX70/ST70 ダックス70/ST70,14,245000,798000,,,,72,51～125cc,ビジネスバイク＆ミニバイク,647,4.5,4,189,https://www.bikebros.co.jp/catalog/1/128_3/,2026-09-05
ホンダ,MIGHTY DAX ST90 マイティダックスST90,2,438000,1430000,,,,89,51～125cc,ビジネスバイク＆ミニバイク,1786,0,0,5,https://www.bikebros.co.jp/catalog/1/128_4/,2026-09-05
ホンダ,NAUTY DAX CY50 ノーティダックスCY50,5,199900,470000,,,,49,50cc以下,ビジネスバイク＆ミニバイク,1338,4.5,4,17,https://www.bikebros.co.jp/catalog/1/128_5/,2026-09-05
ホンダ,CM250T,3,680000,1480000,,,,249,126～250cc,アメリカン＆クルーザー,1506,0,0,4,https://www.bikebros.co.jp/catalog/1/12_1/,2026-09-05
ホンダ,Super Dio スーパーディオ,28,30000,180000,,,,49,50cc以下,原付・スクーター,260,4.3,23,235,https://www.bikebros.co.jp/catalog/1/130_1/,2026-09-05
ホンダ,Super Dio SR スーパーディオSR,2,210000,298000,,,,49,50cc以下,原付・スクーター,858,0,0,38,https://www.bikebros.co.jp/catalog/1/130_12/,2026-09-05
ホンダ,Super Dio ZX スーパーディオZX,4,89800,248000,,,,49,50cc以下,原付・スクーター,698,5,2,85,https://www.bikebros.co.jp/catalog/1/130_13/,2026-09-05
ホンダ,Smart Dio Z4 スマートディオZ4（ズィーフォー）,26,39000,230000,,,,49,50cc以下,原付・スクーター,551,5,1,89,https://www.bikebros.co.jp/catalog/1/130_14/,2026-09-05
ホンダ,Live Dio S ライブディオS,7,55000,231000,,,,49,50cc以下,原付・スクーター,1573,0,0,27,https://www.bikebros.co.jp/catalog/1/130_17/,2026-09-05
ホンダ,Live Dio SR ライブディオSR,4,89000,180000,,,,49,50cc以下,原付・スクーター,1206,0,0,43,https://www.bikebros.co.jp/catalog/1/130_18/,2026-09-05
ホンダ,Smart Dio/Delux スマートディオ/デラックス,35,45800,159800,,,,49,50cc以下,原付・スクーター,857,4,22,107,https://www.bikebros.co.jp/catalog/1/130_2/,2026-09-05
ホンダ,Live Dio ZX ライブディオZX,123,81600,385000,,,,49,50cc以下,原付・スクーター,131,3,2,493,https://www.bikebros.co.jp/catalog/1/130_21/,2026-09-05
ホンダ,Dio ディオ,219,34800,329800,,,,49,50cc以下,原付・スクーター,126,3.4,22,800,https://www.bikebros.co.jp/catalog/1/130_3/,2026-09-05
ホンダ,Dio Cesta ディオチェスタ,74,43000,909000,,,,49,50cc以下,原付・スクーター,642,0,0,75,https://www.bikebros.co.jp/catalog/1/130_4/,2026-09-05
ホンダ,Dio Fit ディオフィット,4,39800,165000,,,,49,50cc以下,原付・スクーター,1084,0,0,42,https://www.bikebros.co.jp/catalog/1/130_6/,2026-09-05
ホンダ,Live Dio ライブディオ,78,39800,259000,,,,49,50cc以下,原付・スクーター,281,4.2,71,304,https://www.bikebros.co.jp/catalog/1/130_7/,2026-09-05
ホンダ,Dio 110 / BASIC ディオ110 /ベーシック,156,90000,278000,191900,286000,622,109,51～125cc,原付・スクーター,190,4.2,16,515,https://www.bikebros.co.jp/catalog/1/130_9/,2026-09-05
ホンダ,TODAY トゥデイ,388,47000,179000,169000,225700,60,49,50cc以下,原付・スクーター,79,3.7,51,997,https://www.bikebros.co.jp/catalog/1/134_1/,2026-09-05
ホンダ,DREAM C72 ドリームC72,2,1100000,2500000,,,,247,126～250cc,ネイキッド＆ストリート,1513,0,0,5,https://www.bikebros.co.jp/catalog/1/138_3/,2026-09-05
ホンダ,DREAM 50 ドリーム50,15,289000,1320000,1300000,1650000,2,49,50cc以下,スポーツ＆ツアラー,607,4.6,6,108,https://www.bikebros.co.jp/catalog/1/139_1/,2026-09-05
ホンダ,DREAM CL72 SCRAMBLER ドリームCL72スクランブラー,5,950000,1210000,,,,247,126～250cc,ネイキッド＆ストリート,2527,0,0,17,https://www.bikebros.co.jp/catalog/1/139_4/,2026-09-05
ホンダ,CRF250R,2,340000,380000,,,,249.4,126～250cc,オフロード＆モタード,417,4,2,149,https://www.bikebros.co.jp/catalog/1/13_11/,2026-09-05
ホンダ,CRF250X,2,658000,898000,,,,249.4,126～250cc,オフロード＆モタード,1776,5,2,35,https://www.bikebros.co.jp/catalog/1/13_12/,2026-09-05
ホンダ,CRF250L / s,84,385000,788000,536000,949000,189,249,126～250cc,オフロード＆モタード,130,3.9,21,1194,https://www.bikebros.co.jp/catalog/1/13_15/,2026-09-05
ホンダ,CRF150RⅡ CRF150R-2,2,396000,498000,,,,149.7,126～250cc,オフロード＆モタード,1330,0,0,52,https://www.bikebros.co.jp/catalog/1/13_16/,2026-09-05
ホンダ,CRF250M,14,478500,649000,,,,249,126～250cc,オフロード＆モタード,629,4.4,5,219,https://www.bikebros.co.jp/catalog/1/13_18/,2026-09-05
ホンダ,CRF125F,2,385000,506000,360000,498000,26,124.9,51～125cc,オフロード＆モタード,418,4,1,37,https://www.bikebros.co.jp/catalog/1/13_19/,2026-09-05
ホンダ,CRF250RALLY / s CRF250ラリー / s,42,448000,698400,649000,792000,90,249,126～250cc,オフロード＆モタード,155,3.8,6,430,https://www.bikebros.co.jp/catalog/1/13_21/,2026-09-05
ホンダ,BIALS TL125 バイアルスTL125,5,300000,467000,,,,124,51～125cc,オフロード＆モタード,1131,0,0,22,https://www.bikebros.co.jp/catalog/1/143_2/,2026-09-05
ホンダ,Bite バイト,21,79900,440000,,,,49,50cc以下,原付・スクーター,687,4,3,39,https://www.bikebros.co.jp/catalog/1/144_1/,2026-09-05
ホンダ,PACIFIC COAST / PC800 パシフィックコースト,2,517000,588000,,,,800,751～1000cc,スポーツ＆ツアラー,3266,3.5,2,10,https://www.bikebros.co.jp/catalog/1/145_1/,2026-09-05
ホンダ,PAL パル,3,90000,148000,,,,49,50cc以下,原付・スクーター,996,4.5,2,13,https://www.bikebros.co.jp/catalog/1/148_2/,2026-09-05
ホンダ,PALFLEY パルフレイ,2,187000,238000,,,,49,50cc以下,原付・スクーター,3267,0,0,1,https://www.bikebros.co.jp/catalog/1/148_4/,2026-09-05
ホンダ,ROADPAL ロードパル,3,278000,328000,,,,49,50cc以下,原付・スクーター,1711,4,2,7,https://www.bikebros.co.jp/catalog/1/148_7/,2026-09-05
ホンダ,CRM50,11,228000,809000,,,,49,50cc以下,オフロード＆モタード,684,4.3,10,124,https://www.bikebros.co.jp/catalog/1/14_1/,2026-09-05
ホンダ,CRM80,16,260000,520000,,,,79,51～125cc,オフロード＆モタード,918,3.8,5,118,https://www.bikebros.co.jp/catalog/1/14_3/,2026-09-05
ホンダ,CRM250R,2,440000,450000,,,,246,126～250cc,オフロード＆モタード,276,4.3,15,290,https://www.bikebros.co.jp/catalog/1/14_4/,2026-09-05
ホンダ,CRM250AR,6,500000,1298000,,,,249,126～250cc,オフロード＆モタード,668,4.7,7,159,https://www.bikebros.co.jp/catalog/1/14_5/,2026-09-05
ホンダ,ST1100 PAN EUROPEAN ST1100パンヨーロピアン,3,168000,680000,,,,1084,1001cc以上,スポーツ＆ツアラー,1449,0,0,10,https://www.bikebros.co.jp/catalog/1/150_1/,2026-09-05
ホンダ,BEAT ビート,2,185000,549100,,,,49,50cc以下,原付・スクーター,1340,5,1,18,https://www.bikebros.co.jp/catalog/1/152_1/,2026-09-05
ホンダ,PEOPLE ピープル,2,108000,109000,,,,24,50cc以下,ビジネスバイク＆ミニバイク,1387,5,1,14,https://www.bikebros.co.jp/catalog/1/153_1/,2026-09-05
ホンダ,FORESIGHT フォーサイト,5,270000,385000,,,,249,126～250cc,ビッグスクーター,619,4.1,17,177,https://www.bikebros.co.jp/catalog/1/155_2/,2026-09-05
ホンダ,FORZA フォルツァ,66,118000,770000,496000,788000,217,249,126～250cc,ビッグスクーター,62,4,23,795,https://www.bikebros.co.jp/catalog/1/156_1/,2026-09-05
ホンダ,FORZA Si フォルツァ Si,18,199700,410000,,,,248,126～250cc,ビッグスクーター,922,4,3,255,https://www.bikebros.co.jp/catalog/1/156_10/,2026-09-05
ホンダ,FORZA X フォルツァX,8,128000,300000,,,,248,126～250cc,ビッグスクーター,1574,4.8,16,179,https://www.bikebros.co.jp/catalog/1/156_2/,2026-09-05
ホンダ,FORZA Z フォルツァZ,55,99900,1000000,,,,248,126～250cc,ビッグスクーター,167,4.6,109,1331,https://www.bikebros.co.jp/catalog/1/156_3/,2026-09-05
ホンダ,FORZA S フォルツァS,4,68000,440000,,,,249,126～250cc,ビッグスクーター,2739,0,0,83,https://www.bikebros.co.jp/catalog/1/156_7/,2026-09-05
ホンダ,FUSION フュージョン,9,149000,688000,,,,244,126～250cc,ビッグスクーター,266,4.4,39,438,https://www.bikebros.co.jp/catalog/1/157_1/,2026-09-05
ホンダ,FUSION Type X フュージョン タイプX,17,200000,405100,,,,244,126～250cc,ビッグスクーター,830,4,4,264,https://www.bikebros.co.jp/catalog/1/157_2/,2026-09-05
ホンダ,FUSION SE フュージョンSE,9,269000,550000,,,,244,126～250cc,ビッグスクーター,1085,4,1,127,https://www.bikebros.co.jp/catalog/1/157_4/,2026-09-05
ホンダ,CR80R,2,198000,400000,,,,82.9,51～125cc,オフロード＆モタード,1381,0,0,16,https://www.bikebros.co.jp/catalog/1/15_3/,2026-09-05
ホンダ,CR250R,2,989000,1248000,,,,249.3,126～250cc,オフロード＆モタード,919,0,0,20,https://www.bikebros.co.jp/catalog/1/15_6/,2026-09-05
ホンダ,BROS PRODUCT TWO （BROS400） ブロスプロダクト2（ブロス400）,5,242000,998000,,,,398,251～400cc,ネイキッド＆ストリート,608,3.8,6,75,https://www.bikebros.co.jp/catalog/1/163_1/,2026-09-05
ホンダ,BROS PRODUCT ONE （BROS650） ブロスプロダクト1（ブロス650）,3,458000,528000,,,,647,401～750cc,ネイキッド＆ストリート,876,4.1,9,73,https://www.bikebros.co.jp/catalog/1/163_2/,2026-09-05
ホンダ,BENLY CD125 ベンリィCD125,3,178000,438000,,,,124,51～125cc,ネイキッド＆ストリート,754,4.4,7,25,https://www.bikebros.co.jp/catalog/1/164_10/,2026-09-05
ホンダ,BENLY CD90 ベンリィCD90,10,291500,571400,,,,85,51～125cc,ネイキッド＆ストリート,408,4,6,70,https://www.bikebros.co.jp/catalog/1/164_11/,2026-09-05
ホンダ,BENLY CL90 ベンリィCL90,4,163900,419000,,,,89,51～125cc,ネイキッド＆ストリート,1577,0,0,7,https://www.bikebros.co.jp/catalog/1/164_15/,2026-09-05
ホンダ,BENLY CS90 ベンリィCS90,5,297000,491000,,,,89,51～125cc,ネイキッド＆ストリート,2170,0,0,9,https://www.bikebros.co.jp/catalog/1/164_19/,2026-09-05
ホンダ,BENLY CD50 ベンリィCD50,10,148000,495000,,,,49,50cc以下,ネイキッド＆ストリート,298,4.6,20,130,https://www.bikebros.co.jp/catalog/1/164_2/,2026-09-05
ホンダ,BENLY 90S ベンリィ90S,2,298000,861000,,,,85,51～125cc,ネイキッド＆ストリート,2530,5,1,20,https://www.bikebros.co.jp/catalog/1/164_24/,2026-09-05
ホンダ,BENLY/PRO （BENLY 50） ベンリィ/プロ （ベンリィ50）,44,59800,278000,239000,323000,12,49,50cc以下,原付・スクーター,688,0,0,43,https://www.bikebros.co.jp/catalog/1/164_27/,2026-09-05
ホンダ,BENLY 110/PRO ベンリィ110/プロ,28,129900,459000,,,,107,51～125cc,原付・スクーター,781,5,1,122,https://www.bikebros.co.jp/catalog/1/164_29/,2026-09-05
ホンダ,BENLY CL50 ベンリィCL50,17,200000,440000,,,,49,50cc以下,ネイキッド＆ストリート,1061,4.6,5,71,https://www.bikebros.co.jp/catalog/1/164_3/,2026-09-05
ホンダ,BENLY CB50JX ベンリィCB50JX,3,348000,360000,,,,49,50cc以下,ビジネスバイク＆ミニバイク,1514,0,0,22,https://www.bikebros.co.jp/catalog/1/164_31/,2026-09-05
ホンダ,BENLY CD125T ベンリィCD125T,8,268000,570000,,,,124,51～125cc,ネイキッド＆ストリート,409,4.3,3,111,https://www.bikebros.co.jp/catalog/1/164_33/,2026-09-05
ホンダ,SS50,3,990000,1100000,,,,49,50cc以下,ビジネスバイク＆ミニバイク,2336,0,0,3,https://www.bikebros.co.jp/catalog/1/164_4/,2026-09-05
ホンダ,BENLY 50S ベンリィ50S,12,220000,529000,,,,49,50cc以下,ネイキッド＆ストリート,474,4.5,15,120,https://www.bikebros.co.jp/catalog/1/164_5/,2026-09-05
ホンダ,BENLY C92 ベンリィC92,2,498000,698000,,,,124,51～125cc,ネイキッド＆ストリート,1576,5,1,16,https://www.bikebros.co.jp/catalog/1/164_6/,2026-09-05
ホンダ,HAWKⅡ CB400T ホークⅡ CB400T,44,900000,2450000,,,,395,251～400cc,ネイキッド＆ストリート,655,0,0,35,https://www.bikebros.co.jp/catalog/1/166_4/,2026-09-05
ホンダ,HAWKⅢ CB400N ホークⅢ CB400N,34,630000,2420000,,,,395,251～400cc,ネイキッド＆ストリート,877,0,0,30,https://www.bikebros.co.jp/catalog/1/166_5/,2026-09-05
ホンダ,HORNET/DELUXE ホーネット250/デラックス,156,229400,899000,,,,249,126～250cc,ネイキッド＆ストリート,47,4.4,87,1819,https://www.bikebros.co.jp/catalog/1/167_1/,2026-09-05
ホンダ,HORNET 600 ホーネット600,5,583000,898000,,,,599,401～750cc,ネイキッド＆ストリート,586,4.6,9,58,https://www.bikebros.co.jp/catalog/1/167_2/,2026-09-05
ホンダ,CB900 HORNET CB900ホーネット,7,628000,968000,,,,918,751～1000cc,ネイキッド＆ストリート,631,4.4,11,91,https://www.bikebros.co.jp/catalog/1/167_3/,2026-09-05
ホンダ,HORNET S ホーネットS,2,447400,798000,,,,599,401～750cc,スポーツ＆ツアラー,1913,0,0,16,https://www.bikebros.co.jp/catalog/1/167_5/,2026-09-05
ホンダ,MAGNA 50（MAGNA FIFTY） マグナ50（マグナフィフティ）,167,148000,698000,,,,49,50cc以下,アメリカン＆クルーザー,182,4.2,203,915,https://www.bikebros.co.jp/catalog/1/168_1/,2026-09-05
ホンダ,V-TWIN MAGNA Vツインマグナ,163,168000,1050000,,,,249,126～250cc,アメリカン＆クルーザー,85,4.4,73,1528,https://www.bikebros.co.jp/catalog/1/168_2/,2026-09-05
ホンダ,V45 MAGNA V45マグナ,2,488000,739800,,,,748,401～750cc,アメリカン＆クルーザー,699,5,1,33,https://www.bikebros.co.jp/catalog/1/168_3/,2026-09-05
ホンダ,MAGNA マグナ（マグナ750）,2,457000,797500,,,,748,401～750cc,アメリカン＆クルーザー,755,4.5,2,30,https://www.bikebros.co.jp/catalog/1/168_6/,2026-09-05
ホンダ,MOTOCOMPO モトコンポ,25,75000,798000,995000,1200000,4,49,50cc以下,ネイキッド＆ストリート,756,3.9,9,154,https://www.bikebros.co.jp/catalog/1/169_1/,2026-09-05
ホンダ,MOTRA モトラ,4,497000,549100,,,,49,50cc以下,ネイキッド＆ストリート,859,5,1,44,https://www.bikebros.co.jp/catalog/1/170_1/,2026-09-05
ホンダ,MONKEY モンキー,278,159000,1800000,660000,5000000,22,49,50cc以下,ネイキッド＆ストリート,23,4.5,82,2315,https://www.bikebros.co.jp/catalog/1/171_1/,2026-09-05
ホンダ,Monkey R モンキーR,12,370000,770000,,,,49,50cc以下,ネイキッド＆ストリート,1175,4,4,66,https://www.bikebros.co.jp/catalog/1/171_3/,2026-09-05
ホンダ,Monkey RT モンキーRT,3,320000,420000,,,,49,50cc以下,ネイキッド＆ストリート,2976,4,2,13,https://www.bikebros.co.jp/catalog/1/171_4/,2026-09-05
ホンダ,Monkey BAJA モンキーバハ,6,558000,698000,,,,49,50cc以下,オフロード＆モタード,808,5,1,63,https://www.bikebros.co.jp/catalog/1/171_5/,2026-09-05
ホンダ,RACOON ラクーン,2,250000,298000,,,,49,50cc以下,ビジネスバイク＆ミニバイク,1208,0,0,10,https://www.bikebros.co.jp/catalog/1/173_1/,2026-09-05
ホンダ,LEAD 100 リード100,5,97000,200000,,,,101,51～125cc,原付・スクーター,757,3.9,16,259,https://www.bikebros.co.jp/catalog/1/176_2/,2026-09-05
ホンダ,LEAD（110） リード（110）,11,179000,268000,,,,107,51～125cc,ビッグスクーター,809,4.2,20,177,https://www.bikebros.co.jp/catalog/1/176_3/,2026-09-05
ホンダ,LEAD EX リードEX（リード110EX）,5,157000,220000,,,,107,51～125cc,原付・スクーター,1712,4.4,5,194,https://www.bikebros.co.jp/catalog/1/176_7/,2026-09-05
ホンダ,LEAD 125 リード125,110,150000,368000,283900,352100,423,124,51～125cc,原付・スクーター,137,4.4,9,490,https://www.bikebros.co.jp/catalog/1/176_8/,2026-09-05
ホンダ,LITTLE HONDA P25/PC50 リトルホンダP25/PC50,2,128000,350000,,,,49,50cc以下,ビジネスバイク＆ミニバイク,1914,0,0,38,https://www.bikebros.co.jp/catalog/1/177_1/,2026-09-05
ホンダ,REBEL 500 / CMX500 レブル500,62,528000,888000,836000,924000,6,471,401～750cc,アメリカン＆クルーザー,309,0,0,210,https://www.bikebros.co.jp/catalog/1/178_4/,2026-09-05
ホンダ,REBEL 250 / E-Clutch レブル250 / E-Clutch,430,128000,1980000,530800,1830000,571,249,126～250cc,アメリカン＆クルーザー,57,4.4,7,1793,https://www.bikebros.co.jp/catalog/1/178_5/,2026-09-05
ホンダ,ROADFOX ロードフォックス,10,242000,400000,,,,49,50cc以下,原付・スクーター,1132,3,2,13,https://www.bikebros.co.jp/catalog/1/179_1/,2026-09-05
ホンダ,Valkyrie ワルキューレ,4,829000,9830000,,,,1520,1001cc以上,アメリカン＆クルーザー,737,4.4,10,112,https://www.bikebros.co.jp/catalog/1/180_1/,2026-09-05
ホンダ,Valkyrie Rune/NRX1800 ワルキューレルーン,4,3578000,4300000,,,,1832,1001cc以上,アメリカン＆クルーザー,878,0,0,26,https://www.bikebros.co.jp/catalog/1/180_3/,2026-09-05
ホンダ,CB400 SUPER FOUR / E-Clutch CB400スーパーフォア（CB400SF） / E-Clutch,420,180000,2398000,998800,1480000,6,399,251～400cc,ネイキッド＆ストリート,1,4.6,158,4486,https://www.bikebros.co.jp/catalog/1/184_1/,2026-09-05
ホンダ,CB1000 SUPER FOUR CB1000スーパーフォア（CB1000SF),7,398000,798000,,,,998,751～1000cc,ネイキッド＆ストリート,427,4.7,15,314,https://www.bikebros.co.jp/catalog/1/184_2/,2026-09-05
ホンダ,CB1300 SUPER FOUR CB1300スーパーフォア（CB1300SF),174,359000,2750000,1727000,2101000,25,1284,1001cc以上,ネイキッド＆ストリート,10,4.5,52,1913,https://www.bikebros.co.jp/catalog/1/184_3/,2026-09-05
ホンダ,CB1300 SUPER BOL D'OR CB1300スーパーボルドール（CB1300SB),162,658000,2398000,1837000,2211000,26,1284,1001cc以上,ネイキッド＆ストリート,60,4.5,45,1761,https://www.bikebros.co.jp/catalog/1/184_4/,2026-09-05
ホンダ,CB400 SUPER BOL D'OR CB400スーパーボルドール（CB400SB）,233,410000,1528000,,,,399,251～400cc,スポーツ＆ツアラー,27,4.6,37,1913,https://www.bikebros.co.jp/catalog/1/184_5/,2026-09-05
ホンダ,CB1300 SUPER TOURING CB1300スーパーツーリング（CB1300ST),6,828000,1180000,,,,1284,1001cc以上,ネイキッド＆ストリート,1133,4.8,12,137,https://www.bikebros.co.jp/catalog/1/184_6/,2026-09-05
ホンダ,CB750F,50,698000,4180000,,,,748,401～750cc,ネイキッド＆ストリート,261,4.5,15,706,https://www.bikebros.co.jp/catalog/1/185_1/,2026-09-05
ホンダ,CB900F,15,980000,3850000,,,,901.8,751～1000cc,ネイキッド＆ストリート,971,0,0,57,https://www.bikebros.co.jp/catalog/1/185_2/,2026-09-05
ホンダ,CB1100F,6,1545400,3980000,,,,1062,1001cc以上,ネイキッド＆ストリート,923,4.4,5,81,https://www.bikebros.co.jp/catalog/1/185_3/,2026-09-05
ホンダ,CB750F INTEGRA CB750Fインテグラ,3,1550000,2489000,,,,748,401～750cc,スポーツ＆ツアラー,2978,0,0,27,https://www.bikebros.co.jp/catalog/1/185_4/,2026-09-05
ホンダ,giorcub ジョルカブ,15,105000,351000,,,,49,50cc以下,原付・スクーター,1134,4.5,4,100,https://www.bikebros.co.jp/catalog/1/186_1/,2026-09-05
ホンダ,FAZE フェイズ,16,191900,398000,,,,248,126～250cc,ビッグスクーター,435,4.4,9,157,https://www.bikebros.co.jp/catalog/1/188_1/,2026-09-05
ホンダ,VT1300CX,3,999900,1155000,,,,1312,1001cc以上,アメリカン＆クルーザー,924,4,2,96,https://www.bikebros.co.jp/catalog/1/190_1/,2026-09-05
ホンダ,Scoopy 110i スクーピー110i,3,198000,258000,382800,518000,3,108,51～125cc,原付・スクーター,2174,0,0,9,https://www.bikebros.co.jp/catalog/1/191_1/,2026-09-05
ホンダ,PCX PCX125,418,120000,479000,309900,489500,671,124.8,51～125cc,ビッグスクーター,30,4.3,75,3982,https://www.bikebros.co.jp/catalog/1/192_1/,2026-09-05
ホンダ,PCX150,57,198000,785000,,,,149,126～250cc,ビッグスクーター,314,4.5,30,1297,https://www.bikebros.co.jp/catalog/1/192_2/,2026-09-05
ホンダ,VT750S,7,478000,778000,,,,745,401～750cc,ネイキッド＆ストリート,831,3.8,5,92,https://www.bikebros.co.jp/catalog/1/193_1/,2026-09-05
ホンダ,VT400S,8,548000,778000,,,,398,251～400cc,ネイキッド＆ストリート,720,4.2,6,124,https://www.bikebros.co.jp/catalog/1/193_2/,2026-09-05
ホンダ,NC700X/DCT/Type LD,8,340000,578000,,,,669,401～750cc,スポーツ＆ツアラー,906,4.4,19,622,https://www.bikebros.co.jp/catalog/1/196_1/,2026-09-05
ホンダ,NC750X/DCT/Type LD,55,540000,1328000,993700,1070000,13,745,401～750cc,スポーツ＆ツアラー,69,4.1,9,625,https://www.bikebros.co.jp/catalog/1/196_10/,2026-09-05
ホンダ,NC750S/DCT,14,388000,698000,,,,745,401～750cc,ネイキッド＆ストリート,508,4.6,7,210,https://www.bikebros.co.jp/catalog/1/196_16/,2026-09-05
ホンダ,NC700S/DCT,9,368000,568000,,,,669,401～750cc,ネイキッド＆ストリート,632,4.1,12,234,https://www.bikebros.co.jp/catalog/1/196_3/,2026-09-05
ホンダ,400X,77,440000,898000,,,,399,251～400cc,スポーツ＆ツアラー,75,4.5,2,628,https://www.bikebros.co.jp/catalog/1/198_1/,2026-09-05
ホンダ,GROM / MSX125 グロム,202,179700,799900,352000,896000,410,123,51～125cc,ネイキッド＆ストリート,21,4.5,41,2095,https://www.bikebros.co.jp/catalog/1/199_1/,2026-09-05
ホンダ,CTX700N/DCT,2,588000,798000,,,,669,401～750cc,スポーツ＆ツアラー,1027,0,0,14,https://www.bikebros.co.jp/catalog/1/200_3/,2026-09-05
ホンダ,CTX1300,3,1290000,1358000,,,,1261,1001cc以上,スポーツ＆ツアラー,880,4,1,26,https://www.bikebros.co.jp/catalog/1/200_5/,2026-09-05
ホンダ,Dunk ダンク,145,119000,248000,209000,330000,69,49,50cc以下,原付・スクーター,465,5,1,203,https://www.bikebros.co.jp/catalog/1/201_1/,2026-09-05
ホンダ,NM4-01,2,749900,1194900,,,,745,401～750cc,スポーツ＆ツアラー,1135,4,2,37,https://www.bikebros.co.jp/catalog/1/202_1/,2026-09-05
ホンダ,X-ADV,13,1040000,2604900,,,,745,401～750cc,オフロード＆モタード,59,4.5,2,235,https://www.bikebros.co.jp/catalog/1/206_1/,2026-09-05
ホンダ,NAVI ナビ,9,108000,163400,,,,109.19,51～125cc,ネイキッド＆ストリート,671,4.5,2,85,https://www.bikebros.co.jp/catalog/1/207_1/,2026-09-05
ホンダ,DJ・1R DJ-1R,2,128000,250000,,,,49,50cc以下,原付・スクーター,1205,4.5,2,19,https://www.bikebros.co.jp/catalog/1/22_1/,2026-09-05
ホンダ,DJ・1 DJ-1,6,98000,298000,,,,49,50cc以下,原付・スクーター,776,3,2,24,https://www.bikebros.co.jp/catalog/1/22_3/,2026-09-05
ホンダ,DJ・1RR DJ-1RR,7,198000,578000,,,,49,50cc以下,原付・スクーター,849,0,0,16,https://www.bikebros.co.jp/catalog/1/22_4/,2026-09-05
ホンダ,DN-01,6,799900,1098000,,,,680,401～750cc,スポーツ＆ツアラー,850,3.8,12,40,https://www.bikebros.co.jp/catalog/1/23_1/,2026-09-05
ホンダ,FTR FTR223,133,159900,598900,,,,223,126～250cc,ネイキッド＆ストリート,43,4.2,62,1153,https://www.bikebros.co.jp/catalog/1/27_1/,2026-09-05
ホンダ,GB250 CLUBMAN GB250クラブマン,69,148000,898000,,,,249,126～250cc,ネイキッド＆ストリート,92,4.4,47,1009,https://www.bikebros.co.jp/catalog/1/30_1/,2026-09-05
ホンダ,GB400TT/Mk2 GB400TT/マーク2,11,299900,732200,,,,399,251～400cc,ネイキッド＆ストリート,407,3,3,88,https://www.bikebros.co.jp/catalog/1/30_2/,2026-09-05
ホンダ,GB500TT,11,500000,1199000,,,,498,401～750cc,ネイキッド＆ストリート,942,4.3,3,25,https://www.bikebros.co.jp/catalog/1/30_3/,2026-09-05
ホンダ,GOLDWING F6B ゴールドウイングF6B,6,1658000,3598000,,,,1832,1001cc以上,スポーツ＆ツアラー,1331,4.5,2,84,https://www.bikebros.co.jp/catalog/1/31_12/,2026-09-05
ホンダ,GOLDWING F6C/Valkyrie ゴールドウイングF6C/ワルキューレ,6,1400000,3850000,,,,1832,1001cc以上,スポーツ＆ツアラー,2160,0,0,33,https://www.bikebros.co.jp/catalog/1/31_16/,2026-09-05
ホンダ,GOLDWING GL1800/GL1500 ゴールドウイング,44,670000,8800000,3850000,3905000,25,1833,1001cc以上,アメリカン＆クルーザー,89,4.6,14,514,https://www.bikebros.co.jp/catalog/1/31_8/,2026-09-05
ホンダ,MBX50,5,367000,980000,,,,49,50cc以下,ネイキッド＆ストリート,616,4.6,9,29,https://www.bikebros.co.jp/catalog/1/33_1/,2026-09-05
ホンダ,MBX50F,2,450000,498000,,,,49,50cc以下,ネイキッド＆ストリート,2516,5,1,12,https://www.bikebros.co.jp/catalog/1/33_4/,2026-09-05
ホンダ,MB50（MB-5),3,380000,498000,,,,49,50cc以下,ネイキッド＆ストリート,2517,0,0,7,https://www.bikebros.co.jp/catalog/1/34_2/,2026-09-05
ホンダ,AX-1,4,499900,558000,,,,249,126～250cc,スポーツ＆ツアラー,386,3.8,4,114,https://www.bikebros.co.jp/catalog/1/3_1/,2026-09-05
ホンダ,MVX250F,2,599900,849000,,,,249,126～250cc,ネイキッド＆ストリート,1247,3.5,4,47,https://www.bikebros.co.jp/catalog/1/40_1/,2026-09-05
ホンダ,NS-1,75,199500,990000,,,,49,50cc以下,スポーツ＆ツアラー,104,4.3,114,747,https://www.bikebros.co.jp/catalog/1/42_1/,2026-09-05
ホンダ,NSF100,4,393800,797500,,,,99.2,51～125cc,スポーツ＆ツアラー,1130,5,3,80,https://www.bikebros.co.jp/catalog/1/43_1/,2026-09-05
ホンダ,NSR50,12,388000,1430000,,,,49,50cc以下,スポーツ＆ツアラー,142,4.7,36,329,https://www.bikebros.co.jp/catalog/1/44_2/,2026-09-05
ホンダ,NSR80,5,1260000,1870000,,,,79,51～125cc,スポーツ＆ツアラー,496,5,1,96,https://www.bikebros.co.jp/catalog/1/44_5/,2026-09-05
ホンダ,NSR250R /SP/SE,90,499000,4998000,,,,249,126～250cc,スポーツ＆ツアラー,48,4.7,49,998,https://www.bikebros.co.jp/catalog/1/44_7/,2026-09-05
ホンダ,NS50F AERO NS50Fエアロ,10,199000,540000,,,,49,50cc以下,スポーツ＆ツアラー,532,4.5,17,111,https://www.bikebros.co.jp/catalog/1/45_1/,2026-09-05
ホンダ,NS400R,4,959900,2899900,,,,387,251～400cc,スポーツ＆ツアラー,920,4.9,7,74,https://www.bikebros.co.jp/catalog/1/45_4/,2026-09-05
ホンダ,NS250R,7,349400,1780000,,,,249,126～250cc,スポーツ＆ツアラー,873,4,2,63,https://www.bikebros.co.jp/catalog/1/45_5/,2026-09-05
ホンダ,CBF1000,2,800000,880000,,,,998,751～1000cc,スポーツ＆ツアラー,2720,4.5,2,56,https://www.bikebros.co.jp/catalog/1/4_3/,2026-09-05
ホンダ,CBF125,10,88000,218000,,,,124.7,51～125cc,ネイキッド＆ストリート,360,4.2,10,229,https://www.bikebros.co.jp/catalog/1/4_5/,2026-09-05
ホンダ,PS250,18,350000,998000,,,,249,126～250cc,ビッグスクーター,297,4.6,14,224,https://www.bikebros.co.jp/catalog/1/50_1/,2026-09-05
ホンダ,QR50,5,116000,249000,,,,49,50cc以下,オフロード＆モタード,3251,3,1,13,https://www.bikebros.co.jp/catalog/1/52_1/,2026-09-05
ホンダ,R&P アールアンドピー,4,178000,388000,,,,49,50cc以下,ビジネスバイク＆ミニバイク,753,4.5,7,62,https://www.bikebros.co.jp/catalog/1/53_1/,2026-09-05
ホンダ,RS125R,2,998000,1265000,,,,124,51～125cc,スポーツ＆ツアラー,1286,0,0,9,https://www.bikebros.co.jp/catalog/1/54_1/,2026-09-05
ホンダ,RVF/NC35 RVF400,15,909000,2599900,,,,399,251～400cc,スポーツ＆ツアラー,646,4.4,9,240,https://www.bikebros.co.jp/catalog/1/56_1/,2026-09-05
ホンダ,Sh mode Shモード,3,199900,278000,,,,124,51～125cc,原付・スクーター,1508,4,1,53,https://www.bikebros.co.jp/catalog/1/59_4/,2026-09-05
ホンダ,CBR125R,7,169900,389000,,,,124,51～125cc,スポーツ＆ツアラー,697,4.2,20,219,https://www.bikebros.co.jp/catalog/1/5_1/,2026-09-05
ホンダ,CBR1000RR FireBlade/SP CBR1000RRファイヤーブレード/SP,61,540000,1698000,,,,999,751～1000cc,スポーツ＆ツアラー,12,4.5,50,1880,https://www.bikebros.co.jp/catalog/1/5_10/,2026-09-05
ホンダ,CBR929RR FireBlade CBR929RRファイヤーブレード,2,651000,989000,,,,929,751～1000cc,スポーツ＆ツアラー,1245,3.8,5,89,https://www.bikebros.co.jp/catalog/1/5_12/,2026-09-05
ホンダ,CBR954RR FireBlade CBR954RRファイヤーブレード,11,498000,899900,,,,954,751～1000cc,スポーツ＆ツアラー,752,4.5,4,155,https://www.bikebros.co.jp/catalog/1/5_13/,2026-09-05
ホンダ,CBR1100XX Super Blackbird CBR1100XXスーパーブラックバード,22,178000,1499900,,,,1137,1001cc以上,スポーツ＆ツアラー,342,4.4,23,646,https://www.bikebros.co.jp/catalog/1/5_14/,2026-09-05
ホンダ,CBR250RR,200,330000,1378000,724000,1079700,180,249,126～250cc,スポーツ＆ツアラー,4,4.4,36,2021,https://www.bikebros.co.jp/catalog/1/5_16/,2026-09-05
ホンダ,CBR400F,15,2380000,4800000,,,,399,251～400cc,スポーツ＆ツアラー,683,4.6,3,132,https://www.bikebros.co.jp/catalog/1/5_17/,2026-09-05
ホンダ,CBR400RR,4,599900,1290000,,,,399,251～400cc,スポーツ＆ツアラー,139,4.3,9,194,https://www.bikebros.co.jp/catalog/1/5_20/,2026-09-05
ホンダ,CBR250R,114,116000,798000,,,,249,126～250cc,スポーツ＆ツアラー,39,4.3,70,1740,https://www.bikebros.co.jp/catalog/1/5_23/,2026-09-05
ホンダ,CBR400R / E-Clutch,129,248000,1028000,999000,1089000,20,399,251～400cc,スポーツ＆ツアラー,24,4,11,1158,https://www.bikebros.co.jp/catalog/1/5_25/,2026-09-05
ホンダ,CBR600F4i,2,700000,798000,,,,599,401～750cc,スポーツ＆ツアラー,1166,3.7,3,60,https://www.bikebros.co.jp/catalog/1/5_27/,2026-09-05
ホンダ,CBR400F ENDURANCE CBR400Fエンデュランス,2,2898000,2970000,,,,399,251～400cc,スポーツ＆ツアラー,772,0,0,17,https://www.bikebros.co.jp/catalog/1/5_30/,2026-09-05
ホンダ,CBR650F,7,458000,748000,,,,648,401～750cc,スポーツ＆ツアラー,805,3.5,4,140,https://www.bikebros.co.jp/catalog/1/5_33/,2026-09-05
ホンダ,CBR600RR,61,620000,1648000,1573000,1606000,5,599,401～750cc,スポーツ＆ツアラー,31,4.3,31,1237,https://www.bikebros.co.jp/catalog/1/5_7/,2026-09-05
ホンダ,SL230,11,269000,398000,,,,223,126～250cc,オフロード＆モタード,419,4,5,156,https://www.bikebros.co.jp/catalog/1/61_2/,2026-09-05
ホンダ,TLM50,2,258000,338000,,,,49,50cc以下,オフロード＆モタード,1703,5,2,35,https://www.bikebros.co.jp/catalog/1/62_1/,2026-09-05
ホンダ,TLM200R,3,248000,385000,,,,193,126～250cc,オフロード＆モタード,2026,0,0,25,https://www.bikebros.co.jp/catalog/1/62_2/,2026-09-05
ホンダ,TLM220R,5,250000,352000,,,,216,126～250cc,オフロード＆モタード,943,4,2,33,https://www.bikebros.co.jp/catalog/1/62_3/,2026-09-05
ホンダ,TLR250R,2,390000,500000,,,,244,126～250cc,オフロード＆モタード,1018,0,0,20,https://www.bikebros.co.jp/catalog/1/62_4/,2026-09-05
ホンダ,TLR200,2,227000,288000,,,,194,126～250cc,オフロード＆モタード,902,0,0,65,https://www.bikebros.co.jp/catalog/1/63_2/,2026-09-05
ホンダ,BIALS TL50 バイアルスTL50,4,220000,350000,,,,49,50cc以下,オフロード＆モタード,1058,4.5,4,10,https://www.bikebros.co.jp/catalog/1/64_1/,2026-09-05
ホンダ,TL125,8,170000,440000,,,,124,51～125cc,オフロード＆モタード,617,4.7,3,116,https://www.bikebros.co.jp/catalog/1/64_2/,2026-09-05
ホンダ,VFR750R VFR750R（RC30),3,6600000,7700000,,,,748,401～750cc,スポーツ＆ツアラー,2521,0,0,31,https://www.bikebros.co.jp/catalog/1/65_12/,2026-09-05
ホンダ,VFR800F,19,781000,1180000,,,,781,751～1000cc,スポーツ＆ツアラー,583,4.5,4,334,https://www.bikebros.co.jp/catalog/1/65_14/,2026-09-05
ホンダ,VFR750F VFR750F インターセプター,3,990000,3300000,,,,748,401～750cc,スポーツ＆ツアラー,1384,4.2,6,56,https://www.bikebros.co.jp/catalog/1/65_2/,2026-09-05
ホンダ,VFR VFR800,18,540000,998000,,,,781,751～1000cc,スポーツ＆ツアラー,355,4.3,13,242,https://www.bikebros.co.jp/catalog/1/65_3/,2026-09-05
ホンダ,VFR1200F/DCT,11,588000,1150000,,,,1236,1001cc以上,スポーツ＆ツアラー,472,4.2,5,187,https://www.bikebros.co.jp/catalog/1/65_4/,2026-09-05
ホンダ,VFR800X Crossrunner VFR800X クロスランナー,4,658000,928000,,,,781,751～1000cc,スポーツ＆ツアラー,447,4.2,5,131,https://www.bikebros.co.jp/catalog/1/65_6/,2026-09-05
ホンダ,VFR400R,8,640000,1299000,,,,399,251～400cc,スポーツ＆ツアラー,214,4,5,250,https://www.bikebros.co.jp/catalog/1/65_9/,2026-09-05
ホンダ,VF1000R,4,699900,2999900,,,,998,751～1000cc,スポーツ＆ツアラー,1447,0,0,18,https://www.bikebros.co.jp/catalog/1/66_5/,2026-09-05
ホンダ,VRX Roadster VRXロードスター,17,308000,798000,,,,398,251～400cc,ネイキッド＆ストリート,854,4.6,16,169,https://www.bikebros.co.jp/catalog/1/67_1/,2026-09-05
ホンダ,VTR1000SP-2,4,1680000,3400000,,,,999,751～1000cc,スポーツ＆ツアラー,1568,4.5,2,47,https://www.bikebros.co.jp/catalog/1/68_5/,2026-09-05
ホンダ,VTR1000F Fire Storm ファイアーストーム,13,319600,628000,,,,995,751～1000cc,スポーツ＆ツアラー,343,4.3,22,402,https://www.bikebros.co.jp/catalog/1/68_6/,2026-09-05
ホンダ,VTX VTX1800,2,693000,848000,,,,1794,1001cc以上,アメリカン＆クルーザー,778,4.6,8,60,https://www.bikebros.co.jp/catalog/1/69_2/,2026-09-05
ホンダ,CBX125F,3,199600,350000,,,,124,51～125cc,スポーツ＆ツアラー,828,4.4,14,51,https://www.bikebros.co.jp/catalog/1/6_1/,2026-09-05
ホンダ,CBX125 CUSTOM CBX125カスタム,2,129600,288000,,,,124,51～125cc,アメリカン＆クルーザー,531,4.5,2,61,https://www.bikebros.co.jp/catalog/1/6_11/,2026-09-05
ホンダ,CBX550F INTEGRA CBX550Fインテグラ,15,1680000,4790000,,,,572,401～750cc,スポーツ＆ツアラー,1894,0,0,12,https://www.bikebros.co.jp/catalog/1/6_14/,2026-09-05
ホンダ,CBX400F,50,840000,7980000,,,,399,251～400cc,ネイキッド＆ストリート,1055,3.5,2,217,https://www.bikebros.co.jp/catalog/1/6_3/,2026-09-05
ホンダ,CBX550F,50,498000,4620000,,,,,401～750cc,ネイキッド＆ストリート,2963,0,0,56,https://www.bikebros.co.jp/catalog/1/6_4/,2026-09-05
ホンダ,CBX650 CUSTOM CBX650カスタム,2,473000,528000,,,,655,401～750cc,ネイキッド＆ストリート,2964,0,0,9,https://www.bikebros.co.jp/catalog/1/6_5/,2026-09-05
ホンダ,CBX750F,7,605000,1100000,,,,747,401～750cc,ネイキッド＆ストリート,916,4.2,7,41,https://www.bikebros.co.jp/catalog/1/6_6/,2026-09-05
ホンダ,CBX1000 CBX / INTEGRA,9,2500000,5000000,,,,1047,1001cc以上,ネイキッド＆ストリート,941,4.3,10,126,https://www.bikebros.co.jp/catalog/1/6_7/,2026-09-05
ホンダ,CBX400F INTEGRA CBX400Fインテグラ,5,3200000,4598000,,,,399,251～400cc,スポーツ＆ツアラー,2153,0,0,5,https://www.bikebros.co.jp/catalog/1/6_8/,2026-09-05
ホンダ,VT250F,10,278000,1130000,,,,249,126～250cc,ネイキッド＆ストリート,169,4.5,22,250,https://www.bikebros.co.jp/catalog/1/70_1/,2026-09-05
ホンダ,VT250Z,2,467000,495000,,,,248,126～250cc,ネイキッド＆ストリート,1019,4,2,39,https://www.bikebros.co.jp/catalog/1/70_2/,2026-09-05
ホンダ,VT250 SPADA VT250スパーダ,5,149000,398000,,,,249,126～250cc,ネイキッド＆ストリート,485,4.3,21,280,https://www.bikebros.co.jp/catalog/1/70_3/,2026-09-05
ホンダ,VTR VTR250,165,128000,699900,,,,249,126～250cc,ネイキッド＆ストリート,17,4.3,65,1813,https://www.bikebros.co.jp/catalog/1/70_4/,2026-09-05
ホンダ,XELVIS ゼルビス,8,250000,468000,,,,249,126～250cc,スポーツ＆ツアラー,506,4.5,28,257,https://www.bikebros.co.jp/catalog/1/70_5/,2026-09-05
ホンダ,VTR-F VTR250-F,36,279500,579000,,,,249,126～250cc,スポーツ＆ツアラー,448,4.5,6,193,https://www.bikebros.co.jp/catalog/1/70_7/,2026-09-05
ホンダ,VT250F INTEGRA VT250Fインテグラ,2,499000,540000,,,,248,126～250cc,スポーツ＆ツアラー,669,5,3,47,https://www.bikebros.co.jp/catalog/1/70_8/,2026-09-05
ホンダ,VTZ250,7,149000,798000,,,,249,126～250cc,ネイキッド＆ストリート,291,4.3,3,145,https://www.bikebros.co.jp/catalog/1/70_9/,2026-09-05
ホンダ,X11 エックスイレブン,3,770000,898000,,,,1137,1001cc以上,ネイキッド＆ストリート,1020,4,2,47,https://www.bikebros.co.jp/catalog/1/71_1/,2026-09-05
ホンダ,X4 / Type LD エックスフォー/タイプLD,17,298000,798000,,,,1284,1001cc以上,ネイキッド＆ストリート,497,4.2,20,481,https://www.bikebros.co.jp/catalog/1/72_1/,2026-09-05
ホンダ,XE50/-Ⅱ XE50/-2,2,398000,458000,,,,49,50cc以下,オフロード＆モタード,1705,0,0,11,https://www.bikebros.co.jp/catalog/1/75_1/,2026-09-05
ホンダ,XE75/-Ⅱ XE75/-2,4,178000,385000,,,,74,51～125cc,オフロード＆モタード,1905,0,0,9,https://www.bikebros.co.jp/catalog/1/75_2/,2026-09-05
ホンダ,XLR125R,9,270000,430000,,,,124,51～125cc,オフロード＆モタード,944,4.5,4,80,https://www.bikebros.co.jp/catalog/1/76_1/,2026-09-05
ホンダ,XLR80R,4,260000,388000,,,,79,51～125cc,オフロード＆モタード,1781,5,2,30,https://www.bikebros.co.jp/catalog/1/76_2/,2026-09-05
ホンダ,XLR250R,4,296000,385000,,,,249,126～250cc,オフロード＆モタード,222,4.4,12,183,https://www.bikebros.co.jp/catalog/1/76_4/,2026-09-05
ホンダ,XLX250R,2,440000,450000,,,,249,126～250cc,オフロード＆モタード,1172,4,1,26,https://www.bikebros.co.jp/catalog/1/78_1/,2026-09-05
ホンダ,XL DEGREE XL250ディグリー,2,286000,298000,,,,249,126～250cc,オフロード＆モタード,605,4.5,11,111,https://www.bikebros.co.jp/catalog/1/79_10/,2026-09-05
ホンダ,XL250R Paris Dakar XL250Rパリダカール,4,550000,847000,,,,248,126～250cc,オフロード＆モタード,967,4.7,3,42,https://www.bikebros.co.jp/catalog/1/79_17/,2026-09-05
ホンダ,XL250S,4,490000,895000,,,,248,126～250cc,オフロード＆モタード,585,3,1,50,https://www.bikebros.co.jp/catalog/1/79_18/,2026-09-05
ホンダ,XL125R Paris Dakar XL125Rパリダカール,2,385000,550000,,,,124,51～125cc,オフロード＆モタード,2968,0,0,5,https://www.bikebros.co.jp/catalog/1/79_20/,2026-09-05
ホンダ,XL80S,2,250000,270000,,,,79,51～125cc,オフロード＆モタード,1509,0,0,9,https://www.bikebros.co.jp/catalog/1/79_4/,2026-09-05
ホンダ,XL200R,3,178000,380000,,,,194,126～250cc,オフロード＆モタード,1638,0,0,22,https://www.bikebros.co.jp/catalog/1/79_7/,2026-09-05
ホンダ,XL230,8,370000,749000,,,,223,126～250cc,オフロード＆モタード,874,5,2,56,https://www.bikebros.co.jp/catalog/1/79_8/,2026-09-05
ホンダ,BENLY CB125（CB93) ベンリィCB125,5,128000,530000,,,,124,51～125cc,ネイキッド＆ストリート,773,4.1,7,40,https://www.bikebros.co.jp/catalog/1/7_1/,2026-09-05
ホンダ,Dream CB350 ドリームCB350,3,528000,880000,,,,325,251～400cc,ネイキッド＆ストリート,4442,3.5,2,10,https://www.bikebros.co.jp/catalog/1/7_10/,2026-09-05
ホンダ,HAWK CB400T ホーク CB400T ホンダマチック付,2,1200000,2200000,,,,395,251～400cc,ネイキッド＆ストリート,1629,4.2,6,40,https://www.bikebros.co.jp/catalog/1/7_12/,2026-09-05
ホンダ,CB400FOUR CB400フォア,166,860000,6600000,,,,399,251～400cc,ネイキッド＆ストリート,275,4.8,26,686,https://www.bikebros.co.jp/catalog/1/7_14/,2026-09-05
ホンダ,CB400SS,49,277500,949000,,,,397,251～400cc,ネイキッド＆ストリート,118,4.1,36,672,https://www.bikebros.co.jp/catalog/1/7_15/,2026-09-05
ホンダ,CB450,5,770000,1100000,,,,444,401～750cc,ネイキッド＆ストリート,775,0,0,30,https://www.bikebros.co.jp/catalog/1/7_19/,2026-09-05
ホンダ,DREAM CB550FOUR ドリームCB550フォア,2,498000,1300000,,,,544,401～750cc,ネイキッド＆ストリート,1443,0,0,22,https://www.bikebros.co.jp/catalog/1/7_21/,2026-09-05
ホンダ,CB650,2,1600000,2100000,,,,626,401～750cc,ネイキッド＆ストリート,1567,0,0,8,https://www.bikebros.co.jp/catalog/1/7_22/,2026-09-05
ホンダ,CB750,83,328000,7500000,,,,747,401～750cc,ネイキッド＆ストリート,81,4.4,51,980,https://www.bikebros.co.jp/catalog/1/7_23/,2026-09-05
ホンダ,DREAM CB750 FOUR ドリームCB750フォア,124,950000,7700000,,,,736,401～750cc,ネイキッド＆ストリート,456,4.5,6,126,https://www.bikebros.co.jp/catalog/1/7_25/,2026-09-05
ホンダ,CB1100R,15,1790000,11500000,,,,1062,1001cc以上,スポーツ＆ツアラー,4444,0,0,49,https://www.bikebros.co.jp/catalog/1/7_30/,2026-09-05
ホンダ,CB1000R,24,598000,1798000,,,,998,751～1000cc,スポーツ＆ツアラー,123,3.9,8,276,https://www.bikebros.co.jp/catalog/1/7_35/,2026-09-05
ホンダ,CB223S,68,258100,528000,,,,223,126～250cc,ネイキッド＆ストリート,332,4.5,14,314,https://www.bikebros.co.jp/catalog/1/7_36/,2026-09-05
ホンダ,CB1100,116,594000,1991000,,,,1140,1001cc以上,ネイキッド＆ストリート,94,4.3,31,1238,https://www.bikebros.co.jp/catalog/1/7_37/,2026-09-05
ホンダ,CB750K,3,658000,1160000,,,,748,401～750cc,ネイキッド＆ストリート,2019,4,1,171,https://www.bikebros.co.jp/catalog/1/7_38/,2026-09-05
ホンダ,CB750 CUSTOM CB750カスタム,3,390000,798000,,,,748,401～750cc,ネイキッド＆ストリート,3572,0,0,28,https://www.bikebros.co.jp/catalog/1/7_40/,2026-09-05
ホンダ,750 CUSTOM EXCLUSIVE 750カスタムエクスクルーシブ,2,770000,880000,,,,748,401～750cc,アメリカン＆クルーザー,2155,5,1,23,https://www.bikebros.co.jp/catalog/1/7_41/,2026-09-05
ホンダ,CB400F,7,398000,2850000,,,,399,251～400cc,ネイキッド＆ストリート,1167,5,1,181,https://www.bikebros.co.jp/catalog/1/7_49/,2026-09-05
ホンダ,CB250,5,349000,800000,,,,249,126～250cc,ネイキッド＆ストリート,774,4,7,82,https://www.bikebros.co.jp/catalog/1/7_5/,2026-09-05
ホンダ,CB125T,4,199000,338000,,,,124,51～125cc,ネイキッド＆ストリート,141,4.4,5,122,https://www.bikebros.co.jp/catalog/1/7_53/,2026-09-05
ホンダ,HAWK CB250N ホークCB250N,15,788000,1960000,,,,249,126～250cc,ネイキッド＆ストリート,1168,0,0,25,https://www.bikebros.co.jp/catalog/1/7_54/,2026-09-05
ホンダ,CB250RS/-Z,8,200000,806000,,,,248,126～250cc,ネイキッド＆ストリート,603,4.5,2,71,https://www.bikebros.co.jp/catalog/1/7_55/,2026-09-05
ホンダ,DREAM CB250T ドリームCB250T,26,1000000,2230000,,,,249,126～250cc,ネイキッド＆ストリート,1169,0,0,58,https://www.bikebros.co.jp/catalog/1/7_59/,2026-09-05
ホンダ,DREAM CB72 SUPER SPORTS ドリームCB72スーパースポーツ,3,540000,1430000,,,,,126～250cc,ネイキッド＆ストリート,2318,0,0,24,https://www.bikebros.co.jp/catalog/1/7_6/,2026-09-05
ホンダ,DREAM CB350 FOUR ドリームCB350フォア,20,1080000,2860000,,,,347,251～400cc,ネイキッド＆ストリート,1772,0,0,26,https://www.bikebros.co.jp/catalog/1/7_61/,2026-09-05
ホンダ,DREAM CB500 FOUR ドリームCB500フォア,1,1058000,1580000,,,,498,401～750cc,ネイキッド＆ストリート,1897,4,1,15,https://www.bikebros.co.jp/catalog/1/7_67/,2026-09-05
ホンダ,CB650LC,3,495000,850000,,,,626,401～750cc,アメリカン＆クルーザー,2513,3,1,5,https://www.bikebros.co.jp/catalog/1/7_68/,2026-09-05
ホンダ,CB650 CUSTOM CB650カスタム,2,498000,1980000,,,,626,401～750cc,ネイキッド＆ストリート,1632,0,0,5,https://www.bikebros.co.jp/catalog/1/7_69/,2026-09-05
ホンダ,CB750 FOUR-2 CB750フォア-2,7,1338000,2799000,,,,736,401～750cc,ネイキッド＆ストリート,848,0,0,27,https://www.bikebros.co.jp/catalog/1/7_70/,2026-09-05
ホンダ,CB750 FOUR-K CB750フォア-K,9,1300000,6960000,,,,736,401～750cc,ネイキッド＆ストリート,2320,5,1,201,https://www.bikebros.co.jp/catalog/1/7_73/,2026-09-05
ホンダ,CB1100EX,68,859600,2498000,,,,1140,1001cc以上,ネイキッド＆ストリート,95,4.5,4,461,https://www.bikebros.co.jp/catalog/1/7_74/,2026-09-05
ホンダ,CB650F,3,558000,748000,,,,648,401～750cc,ネイキッド＆ストリート,994,5,1,31,https://www.bikebros.co.jp/catalog/1/7_77/,2026-09-05
ホンダ,CB250F,34,195000,409200,,,,249,126～250cc,ネイキッド＆ストリート,313,4.5,2,301,https://www.bikebros.co.jp/catalog/1/7_78/,2026-09-05
ホンダ,CB1100RS,55,799000,3000000,,,,1140,1001cc以上,ネイキッド＆ストリート,316,0,0,278,https://www.bikebros.co.jp/catalog/1/7_80/,2026-09-05
ホンダ,XR50R,8,220000,355000,,,,49.4,50cc以下,オフロード＆モタード,3256,3.9,13,12,https://www.bikebros.co.jp/catalog/1/81_1/,2026-09-05
ホンダ,XR250,7,470000,898000,,,,249,126～250cc,オフロード＆モタード,148,4.4,18,434,https://www.bikebros.co.jp/catalog/1/81_10/,2026-09-05
ホンダ,XR250R,4,480000,738000,,,,249,126～250cc,オフロード＆モタード,1385,5,2,133,https://www.bikebros.co.jp/catalog/1/81_11/,2026-09-05
ホンダ,XR250 BAJA XR250バハ,4,429000,658000,,,,249,126～250cc,オフロード＆モタード,486,4.2,9,196,https://www.bikebros.co.jp/catalog/1/81_13/,2026-09-05
ホンダ,XR250MOTARD XR250モタード,10,499900,1300000,,,,249,126～250cc,オフロード＆モタード,487,4.3,13,175,https://www.bikebros.co.jp/catalog/1/81_14/,2026-09-05
ホンダ,XR50MOTARD XR50モタード,10,200000,570000,,,,49,50cc以下,オフロード＆モタード,717,4,1,56,https://www.bikebros.co.jp/catalog/1/81_19/,2026-09-05
ホンダ,XR100R,2,220000,238000,,,,99.2,51～125cc,オフロード＆モタード,1511,0,0,26,https://www.bikebros.co.jp/catalog/1/81_2/,2026-09-05
ホンダ,XR650R,2,770000,1098000,,,,,401～750cc,オフロード＆モタード,1640,0,0,53,https://www.bikebros.co.jp/catalog/1/81_20/,2026-09-05
ホンダ,XR100MOTARD XR100モタード,25,228000,888000,,,,99,51～125cc,オフロード＆モタード,630,4.6,11,213,https://www.bikebros.co.jp/catalog/1/81_3/,2026-09-05
ホンダ,XR125L,4,242000,330000,,,,124,51～125cc,オフロード＆モタード,1706,4.3,3,19,https://www.bikebros.co.jp/catalog/1/81_4/,2026-09-05
ホンダ,XR230,8,328000,498000,,,,223,126～250cc,オフロード＆モタード,457,4,5,132,https://www.bikebros.co.jp/catalog/1/81_8/,2026-09-05
ホンダ,XR230MOTARD XR230モタード,4,355100,456500,,,,223,126～250cc,オフロード＆モタード,1570,5,1,30,https://www.bikebros.co.jp/catalog/1/81_9/,2026-09-05
ホンダ,CRF1000L Africa Twin CRF1000Lアフリカツイン,3,1100000,1340000,,,,998,751～1000cc,スポーツ＆ツアラー,875,4.4,5,287,https://www.bikebros.co.jp/catalog/1/84_2/,2026-09-05
ホンダ,Ihatovo TL125S イーハトーブTL125S,2,400000,495000,,,,124,51～125cc,オフロード＆モタード,855,5,1,24,https://www.bikebros.co.jp/catalog/1/85_1/,2026-09-05
ホンダ,WAVE 125 ウェーブ125,2,220000,298000,335500,412500,3,,51～125cc,ビジネスバイク＆ミニバイク,2524,4,6,55,https://www.bikebros.co.jp/catalog/1/87_3/,2026-09-05
ホンダ,Ape50/Deluxe/Type D エイプ50/デラックス/タイプD,161,120000,550000,,,,49,50cc以下,ネイキッド＆ストリート,268,4.4,159,1468,https://www.bikebros.co.jp/catalog/1/89_1/,2026-09-05
ホンダ,Ape100/Deluxe/Type D エイプ100/デラックス/タイプD,53,174000,490000,,,,99,51～125cc,ネイキッド＆ストリート,193,4.2,31,706,https://www.bikebros.co.jp/catalog/1/89_2/,2026-09-05
ホンダ,EXPRESS エクスプレス,2,245000,348000,,,,49,50cc以下,原付・スクーター,1908,0,0,1,https://www.bikebros.co.jp/catalog/1/90_1/,2026-09-05
ホンダ,ELSINORE MT250 エルシノアMT250,6,880000,1100000,,,,248,126～250cc,オフロード＆モタード,1708,0,0,9,https://www.bikebros.co.jp/catalog/1/93_2/,2026-09-05
ホンダ,Caren NX50 カレン,2,173000,198000,,,,49,50cc以下,原付・スクーター,1909,3.5,2,3,https://www.bikebros.co.jp/catalog/1/96_1/,2026-09-05
ホンダ,CABINA 50 キャビーナ50,5,179800,297000,,,,49,50cc以下,原付・スクーター,2525,0,0,16,https://www.bikebros.co.jp/catalog/1/97_1/,2026-09-05
ホンダ,CABINA 90 キャビーナ90,5,78000,189800,,,,89,51～125cc,原付・スクーター,1287,4.3,3,34,https://www.bikebros.co.jp/catalog/1/97_2/,2026-09-05
ホンダ,その他のモデル,13,170000,1590000,320100,1100000,15,,,その他のタイプ,6274,4.3,15,288,https://www.bikebros.co.jp/catalog/1/9999_1/,2026-09-05
ホンダ,CBF190R,2,238000,239700,,,,184,126～250cc,ネイキッド＆ストリート,3593,0,0,3,https://www.bikebros.co.jp/catalog/1/999_10/,2026-09-05
ホンダ,NC750L（MT/AT教習車仕様）,2,298000,310000,,,,745,401～750cc,ネイキッド＆ストリート,571,0,0,4,https://www.bikebros.co.jp/catalog/1/999_110/,2026-09-05
ホンダ,ADV150,20,369900,628000,,,,149,126～250cc,オフロード＆モタード,488,4.2,5,506,https://www.bikebros.co.jp/catalog/1/999_111/,2026-09-05
ホンダ,CRF1100L Africa Twin Adventure Sports/ES CRF1100Lアフリカツイン アドベンチャースポーツ/ES,3,1998000,2278000,,,,1082,1001cc以上,スポーツ＆ツアラー,534,0,0,90,https://www.bikebros.co.jp/catalog/1/999_116/,2026-09-05
ホンダ,CT125 HUNTER Cub CT125 ハンターカブ,218,320000,598000,415900,1680000,429,123,51～125cc,ネイキッド＆ストリート,98,0,0,1405,https://www.bikebros.co.jp/catalog/1/999_117/,2026-09-05
ホンダ,CBR1000RR-R FireBlade/SP CBR1000RR-Rファイヤーブレード/SP,40,1798000,3500000,,,,999,751～1000cc,スポーツ＆ツアラー,151,5,1,234,https://www.bikebros.co.jp/catalog/1/999_119/,2026-09-05
ホンダ,CB190SS,4,239800,320000,329000,528000,12,184,126～250cc,ネイキッド＆ストリート,1086,0,0,17,https://www.bikebros.co.jp/catalog/1/999_120/,2026-09-05
ホンダ,REBEL 250 S Edition / E-Clutch レブル250Sエディション / E-Clutch,266,348000,899900,588000,732000,343,249,126～250cc,アメリカン＆クルーザー,324,0,0,853,https://www.bikebros.co.jp/catalog/1/999_130/,2026-09-05
ホンダ,HORNET2.0 ホーネット2.0,4,199900,317900,,,,184.4,126～250cc,ネイキッド＆ストリート,1087,0,0,90,https://www.bikebros.co.jp/catalog/1/999_142/,2026-09-05
ホンダ,REBEL 1100 / DCT レブル1100/DCT,162,697300,1498000,1204000,1314500,8,1084,1001cc以上,アメリカン＆クルーザー,152,0,0,455,https://www.bikebros.co.jp/catalog/1/999_147/,2026-09-05
ホンダ,GB350,344,348000,850000,649000,671000,44,348,251～400cc,ネイキッド＆ストリート,110,0,0,625,https://www.bikebros.co.jp/catalog/1/999_152/,2026-09-05
ホンダ,GB350S,216,418000,699000,693000,715000,32,348,251～400cc,ネイキッド＆ストリート,243,0,0,389,https://www.bikebros.co.jp/catalog/1/999_153/,2026-09-05
ホンダ,CB200X,3,301100,389900,326900,389000,3,184.4,126～250cc,オフロード＆モタード,1344,0,0,90,https://www.bikebros.co.jp/catalog/1/999_154/,2026-09-05
ホンダ,NT1100 / DCT,2,1748000,2280000,1844800,1848000,3,1082,1001cc以上,スポーツ＆ツアラー,466,0,0,40,https://www.bikebros.co.jp/catalog/1/999_155/,2026-09-05
ホンダ,HAWK 11 ホーク イレブン,23,827000,1398000,,,,1082,1001cc以上,ネイキッド＆ストリート,1178,5,1,37,https://www.bikebros.co.jp/catalog/1/999_158/,2026-09-05
ホンダ,DAX125/ST125 ダックス125,85,349900,550000,398000,2280000,369,123,51～125cc,ネイキッド＆ストリート,361,0,0,332,https://www.bikebros.co.jp/catalog/1/999_159/,2026-09-05
ホンダ,CB750 HORNET / E-Clutch CB750ホーネット / E-Clutch,6,880000,1039000,1039000,1149500,15,754,401～750cc,ネイキッド＆ストリート,283,0,0,11,https://www.bikebros.co.jp/catalog/1/999_162/,2026-09-05
ホンダ,XL750 TRANSALP / E-Clutch XL750トランザルプ / E-Clutch,6,1045000,1298000,,,,754,401～750cc,スポーツ＆ツアラー,428,0,0,32,https://www.bikebros.co.jp/catalog/1/999_163/,2026-09-05
ホンダ,REBEL 1100T / DCT レブル1100T/DCT,30,935000,1289900,1380500,1490500,2,1084,1001cc以上,アメリカン＆クルーザー,782,0,0,72,https://www.bikebros.co.jp/catalog/1/999_164/,2026-09-05
ホンダ,CL250 / E-Clutch,93,440000,1300000,495000,1028800,320,249,126～250cc,ネイキッド＆ストリート,153,4,1,188,https://www.bikebros.co.jp/catalog/1/999_168/,2026-09-05
ホンダ,EM1 e: イーエムワンイー,37,142000,299000,132000,322900,78,,50cc以下,原付・スクーター,2178,0,0,2,https://www.bikebros.co.jp/catalog/1/999_169/,2026-09-05
ホンダ,CB1000 HORNET / SP CB1000ホーネット / SP,9,1259000,1490000,1342000,1584000,9,999,751～1000cc,ネイキッド＆ストリート,572,0,0,19,https://www.bikebros.co.jp/catalog/1/999_170/,2026-09-05
ホンダ,NX400 / E-Clutch,12,698000,919900,891000,1111000,9,399,251～400cc,オフロード＆モタード,228,0,0,17,https://www.bikebros.co.jp/catalog/1/999_173/,2026-09-05
ホンダ,GB350C,32,549000,698000,668800,715000,25,348,251～400cc,ネイキッド＆ストリート,476,0,0,48,https://www.bikebros.co.jp/catalog/1/999_175/,2026-09-05
ホンダ,REBEL 1100 S Edition DCT レブル1100 Sエディション DCT,2,1398000,1448000,1341000,1441000,11,1084,1001cc以上,アメリカン＆クルーザー,2045,0,0,3,https://www.bikebros.co.jp/catalog/1/999_185/,2026-09-05
ホンダ,CGX150,22,317900,374000,308000,410000,52,149,126～250cc,ネイキッド＆ストリート,927,0,0,5,https://www.bikebros.co.jp/catalog/1/999_186/,2026-09-05
ホンダ,CB1000F / SE,21,1265000,2165000,1397000,1595000,45,999.8,751～1000cc,ネイキッド＆ストリート,231,0,0,48,https://www.bikebros.co.jp/catalog/1/999_187/,2026-09-05
ホンダ,CrossCub 110 Lite クロスカブ110 Lite,6,328000,401500,340000,412500,321,109,51～125cc,オフロード＆モタード,1028,0,0,1,https://www.bikebros.co.jp/catalog/1/999_191/,2026-09-05
ホンダ,Super Cub 110 Lite スーパーカブ110 Lite,4,280500,320000,235200,385000,233,109,51～125cc,ビジネスバイク＆ミニバイク,883,0,0,1,https://www.bikebros.co.jp/catalog/1/999_192/,2026-09-05
ホンダ,Dio 110 Lite ディオ110 Lite,9,184800,239800,206800,253600,711,109,51～125cc,原付・スクーター,907,0,0,3,https://www.bikebros.co.jp/catalog/1/999_194/,2026-09-05
ホンダ,ADV160,23,429000,618000,460000,599000,311,156,126～250cc,オフロード＆モタード,140,0,0,21,https://www.bikebros.co.jp/catalog/1/999_199/,2026-09-05
ホンダ,PCX160,117,296200,498000,384000,547800,428,156,126～250cc,ビッグスクーター,186,0,0,12,https://www.bikebros.co.jp/catalog/1/999_200/,2026-09-05
ホンダ,RX125,2,248000,398000,,,,124.9,51～125cc,原付・スクーター,3990,0,0,3,https://www.bikebros.co.jp/catalog/1/999_38/,2026-09-05
ホンダ,CB125R,71,197000,498000,425700,528000,105,124,51～125cc,ネイキッド＆ストリート,143,0,0,301,https://www.bikebros.co.jp/catalog/1/999_43/,2026-09-05
ホンダ,CB250R,171,304800,649900,,,,249,126～250cc,スポーツ＆ツアラー,87,4.2,4,735,https://www.bikebros.co.jp/catalog/1/999_45/,2026-09-05
ホンダ,CrossCub 50 クロスカブ50,108,189000,428000,308000,398000,6,49,50cc以下,オフロード＆モタード,881,4,1,136,https://www.bikebros.co.jp/catalog/1/999_53/,2026-09-05
ホンダ,MONKEY125 モンキー125,246,198000,1990000,398000,1790000,643,123,51～125cc,ネイキッド＆ストリート,56,4.5,2,1139,https://www.bikebros.co.jp/catalog/1/999_54/,2026-09-05
ホンダ,Super Cub C125 スーパーカブC125,83,299800,598000,396000,1500000,303,123,51～125cc,ビジネスバイク＆ミニバイク,191,0,0,346,https://www.bikebros.co.jp/catalog/1/999_55/,2026-09-05
ホンダ,CRF450L,2,1123000,1208000,,,,449,401～750cc,オフロード＆モタード,1794,0,0,14,https://www.bikebros.co.jp/catalog/1/999_70/,2026-09-05
ホンダ,CRF150L,4,349900,612000,459000,516400,7,149.15,126～250cc,オフロード＆モタード,810,0,0,8,https://www.bikebros.co.jp/catalog/1/999_75/,2026-09-05
ホンダ,CB650R / E-Clutch,71,693000,1089000,1034000,1089000,26,648,401～750cc,ネイキッド＆ストリート,51,4,1,287,https://www.bikebros.co.jp/catalog/1/999_76/,2026-09-05
ホンダ,CBR650R / E-Clutch,70,718000,1353000,1100000,1189000,24,648,401～750cc,スポーツ＆ツアラー,144,4,1,482,https://www.bikebros.co.jp/catalog/1/999_77/,2026-09-05
ホンダ,CBF125R,11,138000,240000,,,,,51～125cc,スポーツ＆ツアラー,2980,0,0,69,https://www.bikebros.co.jp/catalog/1/999_8/,2026-09-05
ホンダ,TARANIS 110 タラニス１１０,2,188000,227000,,,,110,51～125cc,ビッグスクーター,2039,0,0,6,https://www.bikebros.co.jp/catalog/1/999_87/,2026-09-05
ホンダ,LEAD（50） リード（50）,3,98000,199000,,,,49,50cc以下,原付・スクーター,1342,0,0,6,https://www.bikebros.co.jp/catalog/1/999_88/,2026-09-05
ホンダ,CB190X,3,210000,398000,398800,558000,11,184,126～250cc,スポーツ＆ツアラー,1451,3.7,3,39,https://www.bikebros.co.jp/catalog/1/999_89/,2026-09-05
ホンダ,BENLY e:Ⅰ/PRO ベンリィ イーワン/プロ,4,318000,358000,363000,701800,13,,50cc以下,原付・スクーター,1578,0,0,5,https://www.bikebros.co.jp/catalog/1/999_99/,2026-09-05
ホンダ,CREA SCOOPY/ｉ/Delux クレアスクーピー/ｉ/デラックス,46,68000,220000,,,,49,50cc以下,原付・スクーター,380,4.5,12,166,https://www.bikebros.co.jp/catalog/1/99_1/,2026-09-05
ホンダ,CG125,4,178000,298000,235000,460000,3,125,51～125cc,ネイキッド＆ストリート,1444,4,4,69,https://www.bikebros.co.jp/catalog/1/9_1/,2026-09-05
ヤマハ,YSR50,4,478000,668000,,,,49,50cc以下,スポーツ＆ツアラー,537,3.7,4,40,https://www.bikebros.co.jp/catalog/2/103_1/,2026-09-05
ヤマハ,YSR80,7,350000,1200000,,,,79,51～125cc,スポーツ＆ツアラー,1095,3.7,3,27,https://www.bikebros.co.jp/catalog/2/103_2/,2026-09-05
ヤマハ,YZF-R25,236,220000,698100,517000,713000,284,249,126～250cc,スポーツ＆ツアラー,3,4.5,22,3029,https://www.bikebros.co.jp/catalog/2/106_10/,2026-09-05
ヤマハ,YZF-R3,82,290700,1484000,578600,748000,144,321,251～400cc,スポーツ＆ツアラー,25,4.5,10,781,https://www.bikebros.co.jp/catalog/2/106_12/,2026-09-05
ヤマハ,YZF-R1M,15,1998000,4947800,,,,998,751～1000cc,スポーツ＆ツアラー,429,5,1,101,https://www.bikebros.co.jp/catalog/2/106_13/,2026-09-05
ヤマハ,YZF-R6,31,848000,2500000,,,,599,401～750cc,スポーツ＆ツアラー,38,4.7,9,662,https://www.bikebros.co.jp/catalog/2/106_3/,2026-09-05
ヤマハ,YZF-R7,85,758000,12100000,948000,1811000,39,688,401～750cc,スポーツ＆ツアラー,64,3.5,2,155,https://www.bikebros.co.jp/catalog/2/106_4/,2026-09-05
ヤマハ,YZF1000R Thunder Ace YZF1000R サンダーエース,5,548000,990000,,,,1002,751～1000cc,スポーツ＆ツアラー,1348,4.6,3,45,https://www.bikebros.co.jp/catalog/2/106_5/,2026-09-05
ヤマハ,YZF-R1,98,498000,3998000,2442000,2800000,5,998,751～1000cc,スポーツ＆ツアラー,9,4.6,36,1721,https://www.bikebros.co.jp/catalog/2/106_6/,2026-09-05
ヤマハ,YZF-R15,32,159800,605000,369700,550000,97,155,126～250cc,スポーツ＆ツアラー,113,4.6,7,248,https://www.bikebros.co.jp/catalog/2/106_7/,2026-09-05
ヤマハ,YZF-R125,17,228000,495000,423500,549000,164,124.7,51～125cc,スポーツ＆ツアラー,238,4.4,5,158,https://www.bikebros.co.jp/catalog/2/106_8/,2026-09-05
ヤマハ,YZ250F,2,385000,500000,979000,1001000,12,249,126～250cc,オフロード＆モタード,299,0,0,95,https://www.bikebros.co.jp/catalog/2/107_2/,2026-09-05
ヤマハ,YZ250FX,2,500000,648400,1000000,1170000,9,249,126～250cc,オフロード＆モタード,575,0,0,66,https://www.bikebros.co.jp/catalog/2/108_13/,2026-09-05
ヤマハ,WR450F,2,690000,965900,,,,449,401～750cc,オフロード＆モタード,500,0,0,27,https://www.bikebros.co.jp/catalog/2/108_8/,2026-09-05
ヤマハ,AXIS 90 アクシス90,4,68000,330000,,,,,51～125cc,原付・スクーター,2559,4,4,73,https://www.bikebros.co.jp/catalog/2/109_3/,2026-09-05
ヤマハ,GRAND AXIS100 グランドアクシス100,17,68000,275000,,,,101,51～125cc,ビッグスクーター,420,3.7,26,436,https://www.bikebros.co.jp/catalog/2/109_4/,2026-09-05
ヤマハ,AXIS Treet アクシストリート,52,89900,198000,,,,124,51～125cc,ビッグスクーター,354,3,1,233,https://www.bikebros.co.jp/catalog/2/109_5/,2026-09-05
ヤマハ,AXIS Z アクシスZ,114,99800,289000,219100,292600,370,124,51～125cc,ビッグスクーター,163,4.2,4,156,https://www.bikebros.co.jp/catalog/2/109_8/,2026-09-05
ヤマハ,BJ 50 ビージェイ50,10,50000,198000,,,,49,50cc以下,原付・スクーター,1062,3.7,13,175,https://www.bikebros.co.jp/catalog/2/10_1/,2026-09-05
ヤマハ,GEAR ギア / BA50/BX50,115,59800,909000,231000,398000,29,49,50cc以下,原付・スクーター,315,4,5,104,https://www.bikebros.co.jp/catalog/2/115_1/,2026-09-05
ヤマハ,NEWS GEAR ニュースギア / BA50N/BX50N,8,59800,290400,252000,330000,24,49,50cc以下,原付・スクーター,1523,0,0,26,https://www.bikebros.co.jp/catalog/2/115_2/,2026-09-05
ヤマハ,CUXI 100 キューシー100,2,99800,110000,,,,,51～125cc,原付・スクーター,3003,0,0,13,https://www.bikebros.co.jp/catalog/2/117_1/,2026-09-05
ヤマハ,CUTE キュート,3,148000,268000,,,,49,50cc以下,原付・スクーター,3635,0,0,1,https://www.bikebros.co.jp/catalog/2/118_1/,2026-09-05
ヤマハ,GRAND MAJESTY 250 グランドマジェスティ250（YP250G）,13,94900,295300,,,,249,126～250cc,ビッグスクーター,786,4.2,21,332,https://www.bikebros.co.jp/catalog/2/119_1/,2026-09-05
ヤマハ,GRAND MAJESTY 400 グランドマジェスティ400（YP400G）,4,138000,440000,,,,394,251～400cc,ビッグスクーター,724,4.4,10,141,https://www.bikebros.co.jp/catalog/2/119_2/,2026-09-05
ヤマハ,ZeaL ジール,11,258000,950000,,,,249,126～250cc,ネイキッド＆ストリート,519,3.9,15,174,https://www.bikebros.co.jp/catalog/2/122_1/,2026-09-05
ヤマハ,CYGNUS 125 シグナス125,3,169600,564000,,,,124,51～125cc,ビッグスクーター,1398,2.7,3,160,https://www.bikebros.co.jp/catalog/2/123_1/,2026-09-05
ヤマハ,CYGNUS 125Z シグナス125Z,2,118000,208000,,,,,51～125cc,ビッグスクーター,1813,0,0,42,https://www.bikebros.co.jp/catalog/2/123_10/,2026-09-05
ヤマハ,CYGNUS X シグナスX,172,79800,348000,289000,402600,315,124.6,51～125cc,ビッグスクーター,44,4.4,58,1198,https://www.bikebros.co.jp/catalog/2/123_2/,2026-09-05
ヤマハ,CYGNUS X SR シグナスX SR,156,88000,330000,,,,124,51～125cc,ビッグスクーター,128,4.4,14,1069,https://www.bikebros.co.jp/catalog/2/123_6/,2026-09-05
ヤマハ,JOG ジョグ,697,37100,490000,170000,261500,60,49,50cc以下,原付・スクーター,42,4.1,38,857,https://www.bikebros.co.jp/catalog/2/125_1/,2026-09-05
ヤマハ,JOG Z ジョグZ,2,152000,198000,,,,49,50cc以下,原付・スクーター,1140,4,1,53,https://www.bikebros.co.jp/catalog/2/125_13/,2026-09-05
ヤマハ,JOG ZR ジョグZR,156,49800,550000,320000,350000,2,49,50cc以下,原付・スクーター,97,3,2,553,https://www.bikebros.co.jp/catalog/2/125_15/,2026-09-05
ヤマハ,JOG Deluxe ジョグデラックス,37,72800,262000,,,,49,50cc以下,原付・スクーター,590,0,0,114,https://www.bikebros.co.jp/catalog/2/125_17/,2026-09-05
ヤマハ,JOG POCHE ジョグポシェ,8,70000,198000,,,,49,50cc以下,原付・スクーター,282,3,2,73,https://www.bikebros.co.jp/catalog/2/125_18/,2026-09-05
ヤマハ,Aprio アプリオ,33,49800,228000,,,,49,50cc以下,原付・スクーター,357,4.3,3,372,https://www.bikebros.co.jp/catalog/2/125_19/,2026-09-05
ヤマハ,JOG C ジョグC,2,89000,92000,,,,49,50cc以下,原付・スクーター,1216,4,1,67,https://www.bikebros.co.jp/catalog/2/125_2/,2026-09-05
ヤマハ,Super JOG ZR スーパージョグZR,5,80000,250000,,,,49,50cc以下,原付・スクーター,371,0,0,108,https://www.bikebros.co.jp/catalog/2/125_20/,2026-09-05
ヤマハ,JOG petit ジョグプチ,12,68000,149800,,,,49,50cc以下,原付・スクーター,1350,0,0,2,https://www.bikebros.co.jp/catalog/2/125_22/,2026-09-05
ヤマハ,SEROW 225/W/WE セロー225/W/WE,25,198000,558000,,,,223,126～250cc,オフロード＆モタード,29,4.4,27,986,https://www.bikebros.co.jp/catalog/2/131_1/,2026-09-05
ヤマハ,SEROW 250 セロー250,240,310000,888000,,,,249,126～250cc,オフロード＆モタード,19,4.3,60,2506,https://www.bikebros.co.jp/catalog/2/131_2/,2026-09-05
ヤマハ,TOWNY タウニィ,4,78000,288000,,,,49,50cc以下,ビジネスバイク＆ミニバイク,1462,4,1,2,https://www.bikebros.co.jp/catalog/2/134_1/,2026-09-05
ヤマハ,CHAPPY 50 チャピィ50,8,110000,253300,,,,49,50cc以下,原付・スクーター,561,0,0,20,https://www.bikebros.co.jp/catalog/2/135_1/,2026-09-05
ヤマハ,CHAMP チャンプ,3,298000,490000,,,,49,50cc以下,原付・スクーター,953,4.3,3,13,https://www.bikebros.co.jp/catalog/2/136_1/,2026-09-05
ヤマハ,Champ CX チャンプCX,2,78000,138000,,,,,50cc以下,原付・スクーター,1654,0,0,13,https://www.bikebros.co.jp/catalog/2/136_4/,2026-09-05
ヤマハ,Champ RS チャンプRS,5,280000,500000,,,,49,50cc以下,原付・スクーター,1096,0,0,17,https://www.bikebros.co.jp/catalog/2/136_5/,2026-09-05
ヤマハ,DragStar 250（XVS250） ドラッグスター250（DS250）,287,269000,1399000,,,,248,126～250cc,アメリカン＆クルーザー,86,4.5,66,1426,https://www.bikebros.co.jp/catalog/2/141_2/,2026-09-05
ヤマハ,DragStar 400（XVS400） ドラッグスター400（DS4）,419,248000,1600000,,,,399,251～400cc,アメリカン＆クルーザー,76,4.4,81,2105,https://www.bikebros.co.jp/catalog/2/141_3/,2026-09-05
ヤマハ,DragStar Classic 400（XVS400C) ドラッグスタークラシック400（DSC4）,245,288000,1680000,,,,399,251～400cc,アメリカン＆クルーザー,147,4.5,47,1562,https://www.bikebros.co.jp/catalog/2/141_4/,2026-09-05
ヤマハ,DragStar 1100（XVS1100） ドラッグスター1100（DS11）,18,498000,2300000,,,,1063,1001cc以上,アメリカン＆クルーザー,274,4.3,9,391,https://www.bikebros.co.jp/catalog/2/141_6/,2026-09-05
ヤマハ,DragStar Classic 1100（XVS1100A） ドラッグスタークラシック1100（DSC11）,19,588000,1500000,,,,1063,1001cc以上,アメリカン＆クルーザー,363,4.5,25,423,https://www.bikebros.co.jp/catalog/2/141_7/,2026-09-05
ヤマハ,tricker XG250 トリッカー XG250,98,236000,698000,,,,249,126～250cc,ネイキッド＆ストリート,107,4.4,31,838,https://www.bikebros.co.jp/catalog/2/142_1/,2026-09-05
ヤマハ,Passola パッソーラ,3,269200,349200,,,,49,50cc以下,原付・スクーター,884,4,1,11,https://www.bikebros.co.jp/catalog/2/146_1/,2026-09-05
ヤマハ,Passol パッソル,18,98000,280000,,,,,50cc以下,原付・スクーター,441,0,0,54,https://www.bikebros.co.jp/catalog/2/146_2/,2026-09-05
ヤマハ,Vino ビーノ,594,48800,330000,157000,380000,28,49,50cc以下,原付・スクーター,6,4.2,23,792,https://www.bikebros.co.jp/catalog/2/147_1/,2026-09-05
ヤマハ,Vino 125 ビーノ125,3,168000,192000,,,,,51～125cc,原付・スクーター,2202,5,2,23,https://www.bikebros.co.jp/catalog/2/147_2/,2026-09-05
ヤマハ,Vino Molfe ビーノモルフェ,25,69800,181500,,,,49,50cc以下,原付・スクーター,2203,0,0,19,https://www.bikebros.co.jp/catalog/2/147_6/,2026-09-05
ヤマハ,VOGEL フォーゲルQB50,6,249100,568000,,,,49,50cc以下,ネイキッド＆ストリート,1299,0,0,25,https://www.bikebros.co.jp/catalog/2/148_1/,2026-09-05
ヤマハ,BRONCO ブロンコ,11,280000,750000,,,,223,126～250cc,ネイキッド＆ストリート,705,4,3,148,https://www.bikebros.co.jp/catalog/2/154_1/,2026-09-05
ヤマハ,VOX ボックス,162,79800,310000,,,,49,50cc以下,原付・スクーター,195,3.8,17,223,https://www.bikebros.co.jp/catalog/2/158_1/,2026-09-05
ヤマハ,POCKE ポッケQA50,8,191100,449100,,,,49,50cc以下,ネイキッド＆ストリート,954,4,2,45,https://www.bikebros.co.jp/catalog/2/159_1/,2026-09-05
ヤマハ,BW'S 50 ビーウィズ50,25,89800,450000,,,,49,50cc以下,原付・スクーター,292,0,0,146,https://www.bikebros.co.jp/catalog/2/15_1/,2026-09-05
ヤマハ,BW'S 100 ビーウィズ100,2,210000,398000,,,,,51～125cc,原付・スクーター,1517,4.2,6,106,https://www.bikebros.co.jp/catalog/2/15_2/,2026-09-05
ヤマハ,BW'S 125 ビーウィズ125,28,179800,299200,,,,124,51～125cc,ビッグスクーター,333,3.9,7,140,https://www.bikebros.co.jp/catalog/2/15_3/,2026-09-05
ヤマハ,POPGAL ポップギャル,4,100000,278000,,,,49,50cc以下,原付・スクーター,1217,0,0,5,https://www.bikebros.co.jp/catalog/2/160_1/,2026-09-05
ヤマハ,MAXAM マグザム,77,78000,1350000,,,,249,126～250cc,ビッグスクーター,210,4.4,66,740,https://www.bikebros.co.jp/catalog/2/162_1/,2026-09-05
ヤマハ,MAJESTY 125 マジェスティ125,120,58000,492000,,,,124,51～125cc,原付・スクーター,400,4.2,81,852,https://www.bikebros.co.jp/catalog/2/163_1/,2026-09-05
ヤマハ,MAJESTY S マジェスティS,118,99000,657000,,,,155,126～250cc,ビッグスクーター,135,3.7,29,974,https://www.bikebros.co.jp/catalog/2/163_12/,2026-09-05
ヤマハ,MAJESTY マジェスティ,79,68000,517000,,,,249,126～250cc,ビッグスクーター,108,4.1,39,1181,https://www.bikebros.co.jp/catalog/2/163_2/,2026-09-05
ヤマハ,MAJESTY 150 マジェスティ150,3,170100,194700,,,,,126～250cc,ビッグスクーター,4498,4,1,52,https://www.bikebros.co.jp/catalog/2/163_3/,2026-09-05
ヤマハ,MAJESTY C マジェスティC（YP250C),59,66000,1350000,,,,249,126～250cc,ビッグスクーター,477,3.9,42,895,https://www.bikebros.co.jp/catalog/2/163_5/,2026-09-05
ヤマハ,MINT ミント,3,59800,89000,,,,49,50cc以下,原付・スクーター,553,2.7,3,34,https://www.bikebros.co.jp/catalog/2/169_1/,2026-09-05
ヤマハ,NEWS MATE 50 ニュースメイト 50,2,98000,170000,,,,49,50cc以下,ビジネスバイク＆ミニバイク,1032,0,0,3,https://www.bikebros.co.jp/catalog/2/170_2/,2026-09-05
ヤマハ,TOWN MATE 90 タウンメイト90,2,180000,188000,,,,89,51～125cc,ビジネスバイク＆ミニバイク,1033,5,2,16,https://www.bikebros.co.jp/catalog/2/170_5/,2026-09-05
ヤマハ,Renaissa ルネッサ,15,253100,648000,,,,248,126～250cc,ネイキッド＆ストリート,591,4.2,9,114,https://www.bikebros.co.jp/catalog/2/173_1/,2026-09-05
ヤマハ,ROYALSTAR ロイヤルスター,2,288000,889000,,,,1294,1001cc以上,アメリカン＆クルーザー,1301,4,3,28,https://www.bikebros.co.jp/catalog/2/174_1/,2026-09-05
ヤマハ,EC-03,4,89000,203000,,,,,50cc以下,原付・スクーター,2565,0,0,8,https://www.bikebros.co.jp/catalog/2/178_1/,2026-09-05
ヤマハ,XMAX 250 Xマックス250,98,329500,958000,598000,792000,242,249,126～250cc,ビッグスクーター,41,4.5,2,334,https://www.bikebros.co.jp/catalog/2/182_2/,2026-09-05
ヤマハ,FILANO フィラーノ,4,114800,178000,,,,,51～125cc,原付・スクーター,3322,0,0,14,https://www.bikebros.co.jp/catalog/2/184_1/,2026-09-05
ヤマハ,BOLT/XV950 ボルト/XV950,83,660000,3800000,,,,941,751～1000cc,ネイキッド＆ストリート,834,4.5,2,297,https://www.bikebros.co.jp/catalog/2/185_1/,2026-09-05
ヤマハ,BOLT C-SPEC ボルトCスペック,13,649900,848000,,,,941,751～1000cc,ネイキッド＆ストリート,862,5,2,82,https://www.bikebros.co.jp/catalog/2/185_5/,2026-09-05
ヤマハ,TRICITY 125 トリシティ125,62,130000,495000,458000,928400,30,124,51～125cc,ビッグスクーター,286,4.4,12,430,https://www.bikebros.co.jp/catalog/2/186_1/,2026-09-05
ヤマハ,TRICITY 155 トリシティ155,78,169900,670000,451000,998000,34,155,126～250cc,ビッグスクーター,278,4,2,185,https://www.bikebros.co.jp/catalog/2/186_3/,2026-09-05
ヤマハ,E-Vino イービーノ,28,99800,250000,283800,314600,24,0.58,50cc以下,原付・スクーター,725,0,0,14,https://www.bikebros.co.jp/catalog/2/187_1/,2026-09-05
ヤマハ,NMAX125 エヌマックス125,120,179800,412100,310900,699900,459,124,51～125cc,ビッグスクーター,99,4.2,5,525,https://www.bikebros.co.jp/catalog/2/188_1/,2026-09-05
ヤマハ,NMAX 155 エヌマックス155,60,175100,538000,363400,756000,306,155,126～250cc,ビッグスクーター,124,4.3,3,202,https://www.bikebros.co.jp/catalog/2/188_2/,2026-09-05
ヤマハ,XSR900,127,599800,2598000,1155000,1474000,36,888,751～1000cc,ネイキッド＆ストリート,53,4.3,9,826,https://www.bikebros.co.jp/catalog/2/189_1/,2026-09-05
ヤマハ,SCR950,2,798000,869000,,,,941,751～1000cc,ネイキッド＆ストリート,974,0,0,25,https://www.bikebros.co.jp/catalog/2/190_1/,2026-09-05
ヤマハ,DT50,13,178000,450000,,,,49,50cc以下,オフロード＆モタード,498,4.3,22,182,https://www.bikebros.co.jp/catalog/2/19_1/,2026-09-05
ヤマハ,DT230 LANZA DT230ランツァ,11,440000,808000,,,,224,126～250cc,オフロード＆モタード,369,4.2,8,208,https://www.bikebros.co.jp/catalog/2/19_10/,2026-09-05
ヤマハ,DT125R,2,529600,898000,,,,,51～125cc,オフロード＆モタード,2543,0,0,53,https://www.bikebros.co.jp/catalog/2/19_15/,2026-09-05
ヤマハ,DT200WR,2,598400,648000,,,,199,126～250cc,オフロード＆モタード,949,3,3,94,https://www.bikebros.co.jp/catalog/2/19_8/,2026-09-05
ヤマハ,FJR1300 FJR1300AS/A,18,458000,1968000,1870000,1980000,3,1297,1001cc以上,スポーツ＆ツアラー,259,4.1,10,425,https://www.bikebros.co.jp/catalog/2/23_1/,2026-09-05
ヤマハ,FJ1200,4,198000,1550000,,,,1188,1001cc以上,スポーツ＆ツアラー,1136,3.8,12,113,https://www.bikebros.co.jp/catalog/2/24_2/,2026-09-05
ヤマハ,FZR250,8,490000,950000,,,,249,126～250cc,スポーツ＆ツアラー,293,4.6,13,135,https://www.bikebros.co.jp/catalog/2/27_1/,2026-09-05
ヤマハ,FZR400,3,399000,1150000,,,,399,251～400cc,スポーツ＆ツアラー,700,4.2,4,35,https://www.bikebros.co.jp/catalog/2/27_2/,2026-09-05
ヤマハ,FZR750,3,713000,2200000,,,,749,401～750cc,スポーツ＆ツアラー,1648,4.5,2,16,https://www.bikebros.co.jp/catalog/2/27_4/,2026-09-05
ヤマハ,FZR1000,6,399000,1045000,,,,989,751～1000cc,スポーツ＆ツアラー,783,4.1,6,88,https://www.bikebros.co.jp/catalog/2/27_6/,2026-09-05
ヤマハ,FZR250R,8,399900,820000,,,,249,126～250cc,スポーツ＆ツアラー,356,4.2,5,135,https://www.bikebros.co.jp/catalog/2/27_7/,2026-09-05
ヤマハ,FZR400R,3,580000,920000,,,,399,251～400cc,スポーツ＆ツアラー,1063,5,1,23,https://www.bikebros.co.jp/catalog/2/27_8/,2026-09-05
ヤマハ,FZR400RR,2,798000,870000,,,,399,251～400cc,スポーツ＆ツアラー,1180,0,0,28,https://www.bikebros.co.jp/catalog/2/27_9/,2026-09-05
ヤマハ,FZX750,5,480000,648000,,,,749,401～750cc,ネイキッド＆ストリート,860,4.5,2,39,https://www.bikebros.co.jp/catalog/2/28_1/,2026-09-05
ヤマハ,FZ250 PHAZER FZ250フェーザー,3,550000,950000,,,,249,126～250cc,スポーツ＆ツアラー,536,4.5,10,61,https://www.bikebros.co.jp/catalog/2/29_1/,2026-09-05
ヤマハ,FZ8（FZ8N） FZ8,4,514000,798000,,,,779,751～1000cc,ネイキッド＆ストリート,1295,4.5,2,76,https://www.bikebros.co.jp/catalog/2/29_10/,2026-09-05
ヤマハ,FAZER 8（FZ8S） フェザー8,2,680000,766000,,,,779,751～1000cc,スポーツ＆ツアラー,701,4.5,4,137,https://www.bikebros.co.jp/catalog/2/29_11/,2026-09-05
ヤマハ,FZ6-S Fazer FZ6-Sフェザー,2,589900,698000,,,,599,401～750cc,スポーツ＆ツアラー,1454,4,1,30,https://www.bikebros.co.jp/catalog/2/29_16/,2026-09-05
ヤマハ,FZS1000 FAZER（FZ-1） FZS1000フェザー,4,370000,598000,,,,998,751～1000cc,スポーツ＆ツアラー,381,4.8,5,148,https://www.bikebros.co.jp/catalog/2/29_19/,2026-09-05
ヤマハ,FZ400,5,178000,660000,,,,399,251～400cc,スポーツ＆ツアラー,334,4.4,20,171,https://www.bikebros.co.jp/catalog/2/29_2/,2026-09-05
ヤマハ,FZ400R,3,698000,1738000,,,,399,251～400cc,スポーツ＆ツアラー,620,0,0,33,https://www.bikebros.co.jp/catalog/2/29_24/,2026-09-05
ヤマハ,FZ25,8,155100,348900,,,,249,126～250cc,スポーツ＆ツアラー,610,3,1,101,https://www.bikebros.co.jp/catalog/2/29_26/,2026-09-05
ヤマハ,FZ750,9,328000,2189000,,,,749,401～750cc,スポーツ＆ツアラー,832,4,3,99,https://www.bikebros.co.jp/catalog/2/29_4/,2026-09-05
ヤマハ,FZS600 FAZER FZS600フェザー,3,390000,687000,,,,,401～750cc,スポーツ＆ツアラー,1923,4.5,4,21,https://www.bikebros.co.jp/catalog/2/29_5/,2026-09-05
ヤマハ,FZ1 FZ1（FZ1-N）,3,550000,639500,,,,998,751～1000cc,ネイキッド＆ストリート,1210,4.5,4,121,https://www.bikebros.co.jp/catalog/2/29_6/,2026-09-05
ヤマハ,FZ1 FAZER FZ1フェザー（FZ-1S）,30,420000,1180000,,,,998,751～1000cc,スポーツ＆ツアラー,127,4.2,26,593,https://www.bikebros.co.jp/catalog/2/29_8/,2026-09-05
ヤマハ,GR50,2,269000,598000,,,,49,50cc以下,ネイキッド＆ストリート,1251,5,1,7,https://www.bikebros.co.jp/catalog/2/31_1/,2026-09-05
ヤマハ,GT50 ミニトレ,7,250000,461000,,,,49,50cc以下,オフロード＆モタード,353,0,0,37,https://www.bikebros.co.jp/catalog/2/34_1/,2026-09-05
ヤマハ,GT80,5,300000,600000,,,,79,51～125cc,オフロード＆モタード,1649,4,1,32,https://www.bikebros.co.jp/catalog/2/34_2/,2026-09-05
ヤマハ,GX250,3,580000,1388000,,,,248,126～250cc,ネイキッド＆ストリート,738,0,0,29,https://www.bikebros.co.jp/catalog/2/35_1/,2026-09-05
ヤマハ,GX750,2,498000,770000,,,,747,401～750cc,ネイキッド＆ストリート,1064,5,1,13,https://www.bikebros.co.jp/catalog/2/35_4/,2026-09-05
ヤマハ,MT-10/SP,19,980000,2180000,1925000,2189000,17,998,751～1000cc,ネイキッド＆ストリート,302,5,1,212,https://www.bikebros.co.jp/catalog/2/43_11/,2026-09-05
ヤマハ,MT-01/S,13,900000,1980000,,,,1670,1001cc以上,ネイキッド＆ストリート,132,4.8,8,162,https://www.bikebros.co.jp/catalog/2/43_2/,2026-09-05
ヤマハ,MT-09/SP/Y-AMT,93,528000,1698000,1047100,1525000,213,888,751～1000cc,ネイキッド＆ストリート,45,4.2,22,1633,https://www.bikebros.co.jp/catalog/2/43_3/,2026-09-05
ヤマハ,MT-07/Y-AMT,101,458000,1098000,808300,1056000,176,688,401～750cc,ネイキッド＆ストリート,16,4.3,23,1014,https://www.bikebros.co.jp/catalog/2/43_5/,2026-09-05
ヤマハ,MT-09 TRACER MT-09トレーサー,27,647000,1078000,,,,845,751～1000cc,スポーツ＆ツアラー,499,4.4,10,999,https://www.bikebros.co.jp/catalog/2/43_7/,2026-09-05
ヤマハ,MT-03/ABS,96,248000,658000,545900,760100,120,321,251～400cc,ネイキッド＆ストリート,84,4.5,8,475,https://www.bikebros.co.jp/catalog/2/43_8/,2026-09-05
ヤマハ,MT-25/ABS,173,259800,598000,499000,638000,188,249,126～250cc,ネイキッド＆ストリート,37,4.4,9,1087,https://www.bikebros.co.jp/catalog/2/43_9/,2026-09-05
ヤマハ,PW50,3,98000,249000,230000,247500,5,49,50cc以下,オフロード＆モタード,589,0,0,16,https://www.bikebros.co.jp/catalog/2/45_1/,2026-09-05
ヤマハ,R1-Z,35,298000,2530000,,,,249,126～250cc,ネイキッド＆ストリート,262,4.1,21,430,https://www.bikebros.co.jp/catalog/2/46_1/,2026-09-05
ヤマハ,RD250,5,928000,1980000,,,,247,126～250cc,ネイキッド＆ストリート,1088,0,0,43,https://www.bikebros.co.jp/catalog/2/47_7/,2026-09-05
ヤマハ,RD400,7,2100000,4760000,,,,398,251～400cc,ネイキッド＆ストリート,950,0,0,9,https://www.bikebros.co.jp/catalog/2/47_9/,2026-09-05
ヤマハ,RX350,2,820000,1300000,,,,347,251～400cc,ネイキッド＆ストリート,1718,4.5,2,3,https://www.bikebros.co.jp/catalog/2/52_5/,2026-09-05
ヤマハ,RZ50,17,138000,888000,,,,49,50cc以下,ネイキッド＆ストリート,245,4.3,35,278,https://www.bikebros.co.jp/catalog/2/54_1/,2026-09-05
ヤマハ,RZ250,62,850000,3960000,,,,247,126～250cc,スポーツ＆ツアラー,370,4.3,10,488,https://www.bikebros.co.jp/catalog/2/54_3/,2026-09-05
ヤマハ,RZ350,14,1880000,4150000,,,,347,251～400cc,ネイキッド＆ストリート,387,4.5,2,86,https://www.bikebros.co.jp/catalog/2/54_5/,2026-09-05
ヤマハ,RZ250R,22,499900,2420000,,,,247,126～250cc,スポーツ＆ツアラー,362,4.3,3,258,https://www.bikebros.co.jp/catalog/2/54_6/,2026-09-05
ヤマハ,RZ250RR,2,1400000,1440000,,,,247,126～250cc,スポーツ＆ツアラー,1214,5,1,51,https://www.bikebros.co.jp/catalog/2/54_7/,2026-09-05
ヤマハ,SDR SDR200,5,798000,1568000,,,,195,126～250cc,ネイキッド＆ストリート,183,4.5,6,126,https://www.bikebros.co.jp/catalog/2/57_1/,2026-09-05
ヤマハ,SRV250/S,16,199900,579000,,,,248,126～250cc,ネイキッド＆ストリート,321,4.4,20,306,https://www.bikebros.co.jp/catalog/2/58_1/,2026-09-05
ヤマハ,SRX250,5,270000,598000,,,,249,126～250cc,ネイキッド＆ストリート,209,4,4,68,https://www.bikebros.co.jp/catalog/2/59_1/,2026-09-05
ヤマハ,SRX400（SRX-4）,14,358000,788000,,,,399,251～400cc,ネイキッド＆ストリート,303,4.3,12,283,https://www.bikebros.co.jp/catalog/2/59_2/,2026-09-05
ヤマハ,SRX600（SRX-6）,8,538000,1088000,,,,608,401～750cc,ネイキッド＆ストリート,184,4.6,8,219,https://www.bikebros.co.jp/catalog/2/59_3/,2026-09-05
ヤマハ,SR125,6,98000,262900,,,,,51～125cc,アメリカン＆クルーザー,1455,4.3,7,41,https://www.bikebros.co.jp/catalog/2/60_1/,2026-09-05
ヤマハ,SR400,590,330000,2280000,1080000,1650000,7,399,251～400cc,ネイキッド＆ストリート,13,4.4,96,4521,https://www.bikebros.co.jp/catalog/2/60_4/,2026-09-05
ヤマハ,SR500,27,720000,2200000,,,,499,401～750cc,ネイキッド＆ストリート,217,4.4,9,334,https://www.bikebros.co.jp/catalog/2/60_5/,2026-09-05
ヤマハ,TDM850,3,328000,620000,,,,849,751～1000cc,ネイキッド＆ストリート,702,4.4,8,90,https://www.bikebros.co.jp/catalog/2/65_2/,2026-09-05
ヤマハ,TDM900,4,358000,808000,,,,897,751～1000cc,ネイキッド＆ストリート,331,4.9,8,99,https://www.bikebros.co.jp/catalog/2/65_3/,2026-09-05
ヤマハ,TDR250,8,500000,1698000,,,,249,126～250cc,ネイキッド＆ストリート,739,4,5,79,https://www.bikebros.co.jp/catalog/2/66_4/,2026-09-05
ヤマハ,TMAX TMAX500,13,458000,888000,1400000,1580000,18,499,401～750cc,ビッグスクーター,450,4.3,14,502,https://www.bikebros.co.jp/catalog/2/67_1/,2026-09-05
ヤマハ,TMAX530/SX/DX,19,660000,1199900,,,,530,401～750cc,ビッグスクーター,345,4.6,9,451,https://www.bikebros.co.jp/catalog/2/67_2/,2026-09-05
ヤマハ,TRX850,13,380000,748000,,,,849,751～1000cc,スポーツ＆ツアラー,337,3.9,15,197,https://www.bikebros.co.jp/catalog/2/68_1/,2026-09-05
ヤマハ,AG200,2,470000,550000,,,,196,126～250cc,オフロード＆モタード,1920,0,0,7,https://www.bikebros.co.jp/catalog/2/6_3/,2026-09-05
ヤマハ,TT250R,5,270000,450000,,,,249,126～250cc,オフロード＆モタード,622,0,0,202,https://www.bikebros.co.jp/catalog/2/70_2/,2026-09-05
ヤマハ,TW125,2,450000,578000,,,,124,51～125cc,オフロード＆モタード,2188,4,2,18,https://www.bikebros.co.jp/catalog/2/71_1/,2026-09-05
ヤマハ,TW200/E,95,129000,770000,,,,196,126～250cc,オフロード＆モタード,154,4.2,31,1141,https://www.bikebros.co.jp/catalog/2/71_2/,2026-09-05
ヤマハ,TW225/E,83,219000,1287000,,,,223,126～250cc,オフロード＆モタード,221,4.3,3,674,https://www.bikebros.co.jp/catalog/2/71_5/,2026-09-05
ヤマハ,TX500,3,915000,1390000,,,,498,401～750cc,ネイキッド＆ストリート,1138,0,0,8,https://www.bikebros.co.jp/catalog/2/72_1/,2026-09-05
ヤマハ,TX650,6,770000,1400000,,,,653,401～750cc,ネイキッド＆ストリート,1029,5,2,44,https://www.bikebros.co.jp/catalog/2/72_2/,2026-09-05
ヤマハ,TY250Z SCOTTISH TY250Zスコティッシュ,3,399900,600000,,,,249,126～250cc,オフロード＆モタード,2352,0,0,11,https://www.bikebros.co.jp/catalog/2/74_10/,2026-09-05
ヤマハ,TY250,2,139000,320000,,,,246,126～250cc,オフロード＆モタード,2051,5,1,5,https://www.bikebros.co.jp/catalog/2/74_6/,2026-09-05
ヤマハ,TZM50R,2,733300,1120000,,,,49,50cc以下,スポーツ＆ツアラー,951,4.6,6,56,https://www.bikebros.co.jp/catalog/2/75_1/,2026-09-05
ヤマハ,TZR125,2,375000,399900,,,,124,51～125cc,スポーツ＆ツアラー,304,3.9,7,67,https://www.bikebros.co.jp/catalog/2/76_2/,2026-09-05
ヤマハ,TZR250 /R/SP/RS/SPR,32,258000,2999900,,,,249,126～250cc,スポーツ＆ツアラー,114,4.4,30,495,https://www.bikebros.co.jp/catalog/2/76_3/,2026-09-05
ヤマハ,TZR50R,6,399900,820000,,,,49,50cc以下,スポーツ＆ツアラー,489,4,3,149,https://www.bikebros.co.jp/catalog/2/76_4/,2026-09-05
ヤマハ,VMAX,109,198000,3980000,,,,1679,1001cc以上,スポーツ＆ツアラー,112,4.5,63,1737,https://www.bikebros.co.jp/catalog/2/78_1/,2026-09-05
ヤマハ,WR250R,54,525100,1000200,,,,249,126～250cc,オフロード＆モタード,185,4.8,19,939,https://www.bikebros.co.jp/catalog/2/80_1/,2026-09-05
ヤマハ,WR250X,48,600000,1198000,,,,249,126～250cc,オフロード＆モタード,223,4.4,27,683,https://www.bikebros.co.jp/catalog/2/80_2/,2026-09-05
ヤマハ,WR125R,6,300000,550000,489500,649000,273,124.7,51～125cc,オフロード＆モタード,254,5,2,44,https://www.bikebros.co.jp/catalog/2/80_3/,2026-09-05
ヤマハ,WR250F,7,550000,898000,1240000,1420000,3,249,126～250cc,オフロード＆モタード,861,0,0,140,https://www.bikebros.co.jp/catalog/2/80_4/,2026-09-05
ヤマハ,XJR400,46,238000,1783000,,,,399,251～400cc,ネイキッド＆ストリート,194,4.6,56,519,https://www.bikebros.co.jp/catalog/2/82_1/,2026-09-05
ヤマハ,XJR1200,22,298000,750000,,,,1188,1001cc以上,ネイキッド＆ストリート,277,4,5,426,https://www.bikebros.co.jp/catalog/2/82_2/,2026-09-05
ヤマハ,XJR1300,93,399800,2000000,,,,1250,1001cc以上,ネイキッド＆ストリート,58,4.4,41,1530,https://www.bikebros.co.jp/catalog/2/82_3/,2026-09-05
ヤマハ,XJR400R,63,560000,1500000,,,,399,251～400cc,ネイキッド＆ストリート,67,4.4,5,904,https://www.bikebros.co.jp/catalog/2/82_4/,2026-09-05
ヤマハ,XJR1200R,5,538000,798000,,,,1188,1001cc以上,スポーツ＆ツアラー,1456,0,0,57,https://www.bikebros.co.jp/catalog/2/82_7/,2026-09-05
ヤマハ,XJR1300C,11,998000,2000000,,,,1251,1001cc以上,ネイキッド＆ストリート,1181,0,0,39,https://www.bikebros.co.jp/catalog/2/82_8/,2026-09-05
ヤマハ,XJ400,13,1018000,2158000,,,,398,251～400cc,ネイキッド＆ストリート,1255,0,0,36,https://www.bikebros.co.jp/catalog/2/83_1/,2026-09-05
ヤマハ,XJ400D,10,1650000,2321000,,,,398,251～400cc,ネイキッド＆ストリート,1296,0,0,42,https://www.bikebros.co.jp/catalog/2/83_13/,2026-09-05
ヤマハ,XJ400 Special XJ400スペシャル,3,1200000,1680000,,,,398,251～400cc,ネイキッド＆ストリート,2354,0,0,2,https://www.bikebros.co.jp/catalog/2/83_18/,2026-09-05
ヤマハ,XJ750D,2,876000,1339000,,,,748,401～750cc,ネイキッド＆ストリート,2189,0,0,2,https://www.bikebros.co.jp/catalog/2/83_23/,2026-09-05
ヤマハ,XJ750E,4,440000,1280000,,,,749,401～750cc,ネイキッド＆ストリート,1395,0,0,24,https://www.bikebros.co.jp/catalog/2/83_24/,2026-09-05
ヤマハ,XJ6N,4,398000,684000,,,,599,401～750cc,ネイキッド＆ストリート,2554,4,2,30,https://www.bikebros.co.jp/catalog/2/83_7/,2026-09-05
ヤマハ,XJ6 Diversion XJ6ディバージョン,7,363000,600000,,,,599,401～750cc,スポーツ＆ツアラー,784,4,4,101,https://www.bikebros.co.jp/catalog/2/83_8/,2026-09-05
ヤマハ,XS250 SPECIAL XS250スペシャル,5,350000,1388000,,,,248,126～250cc,アメリカン＆クルーザー,451,0,0,42,https://www.bikebros.co.jp/catalog/2/84_10/,2026-09-05
ヤマハ,XS650 SPECIAL XS650スペシャル,10,899900,2000000,,,,653,401～750cc,アメリカン＆クルーザー,973,4,2,65,https://www.bikebros.co.jp/catalog/2/84_12/,2026-09-05
ヤマハ,XS-1（650XS1) XS650,9,820000,2640000,,,,653,401～750cc,ネイキッド＆ストリート,1089,0,0,37,https://www.bikebros.co.jp/catalog/2/84_4/,2026-09-05
ヤマハ,XS750,2,880000,900000,,,,,401～750cc,ネイキッド＆ストリート,3620,0,0,3,https://www.bikebros.co.jp/catalog/2/84_5/,2026-09-05
ヤマハ,XTZ125,8,210000,318000,,,,,51～125cc,オフロード＆モタード,1652,4.5,13,182,https://www.bikebros.co.jp/catalog/2/85_1/,2026-09-05
ヤマハ,XTZ125E,5,255200,330000,,,,123.7,51～125cc,オフロード＆モタード,468,4,2,63,https://www.bikebros.co.jp/catalog/2/85_4/,2026-09-05
ヤマハ,XT1200Z Super Tenere XT1200Zスーパーテネレ,5,900000,1238000,,,,1199,1001cc以上,スポーツ＆ツアラー,643,4,2,128,https://www.bikebros.co.jp/catalog/2/86_12/,2026-09-05
ヤマハ,XT250X,9,178000,473000,,,,249,126～250cc,オフロード＆モタード,574,4.5,2,128,https://www.bikebros.co.jp/catalog/2/86_5/,2026-09-05
ヤマハ,XV1900A MidnightStar/Roadliner XV1900Aミッドナイトスター/ロードライナー,2,1499900,1840000,,,,1854,1001cc以上,アメリカン＆クルーザー,952,4.7,21,93,https://www.bikebros.co.jp/catalog/2/87_10/,2026-09-05
ヤマハ,XVS1300A MidnightStar/V-Star1300 XVS1300Aミッドナイトスター/Vスター1300,3,799900,998000,,,,1304,1001cc以上,アメリカン＆クルーザー,1182,4.3,7,34,https://www.bikebros.co.jp/catalog/2/87_11/,2026-09-05
ヤマハ,XV1100 Virago XV1100ビラーゴ,4,600000,828000,,,,,1001cc以上,アメリカン＆クルーザー,1720,5,4,43,https://www.bikebros.co.jp/catalog/2/87_12/,2026-09-05
ヤマハ,XVS950A MidnightStar/V-Star950 XVS950Aミッドナイトスター/Vスター950,2,798000,898100,,,,942,751～1000cc,アメリカン＆クルーザー,1183,4.8,9,102,https://www.bikebros.co.jp/catalog/2/87_13/,2026-09-05
ヤマハ,XV1900CU/Raider XV1900CU/レイダー,10,1398000,2048000,,,,1854,1001cc以上,アメリカン＆クルーザー,388,4.6,7,232,https://www.bikebros.co.jp/catalog/2/87_16/,2026-09-05
ヤマハ,XV1700 RoadStar Warrior XV1700ロードスターウォーリア,2,1398100,1499900,,,,1670,1001cc以上,アメリカン＆クルーザー,1092,0,0,40,https://www.bikebros.co.jp/catalog/2/87_19/,2026-09-05
ヤマハ,XV250 Virago ビラーゴ250（XV250ビラーゴ）,81,157000,860000,,,,248,126～250cc,アメリカン＆クルーザー,138,4.2,33,820,https://www.bikebros.co.jp/catalog/2/87_2/,2026-09-05
ヤマハ,XV1600 Road Star XV1600ロードスター,5,680000,1150000,,,,1601,1001cc以上,アメリカン＆クルーザー,1093,4.7,3,67,https://www.bikebros.co.jp/catalog/2/87_25/,2026-09-05
ヤマハ,XV400 Virago ビラーゴ400（XV400ビラーゴ）,6,189000,888000,,,,399,251～400cc,アメリカン＆クルーザー,560,4.3,3,59,https://www.bikebros.co.jp/catalog/2/87_4/,2026-09-05
ヤマハ,YBR125,19,98000,249800,,,,125,51～125cc,ネイキッド＆ストリート,1094,4.3,24,409,https://www.bikebros.co.jp/catalog/2/91_1/,2026-09-05
ヤマハ,YBR250,2,170000,298000,,,,249,126～250cc,ネイキッド＆ストリート,674,4.5,4,53,https://www.bikebros.co.jp/catalog/2/91_2/,2026-09-05
ヤマハ,YBR125G,3,189800,279800,,,,,51～125cc,ネイキッド＆ストリート,3627,0,0,23,https://www.bikebros.co.jp/catalog/2/91_3/,2026-09-05
ヤマハ,YB-1,5,149900,349000,,,,49,50cc以下,ネイキッド＆ストリート,255,4.5,15,167,https://www.bikebros.co.jp/catalog/2/92_1/,2026-09-05
ヤマハ,YB-1 Four YB-1フォア,13,128000,448000,,,,49,50cc以下,ネイキッド＆ストリート,814,4.3,14,173,https://www.bikebros.co.jp/catalog/2/92_2/,2026-09-05
ヤマハ,YB50,2,230000,278000,,,,49,50cc以下,ネイキッド＆ストリート,322,3,1,43,https://www.bikebros.co.jp/catalog/2/92_3/,2026-09-05
ヤマハ,YB125SP,22,129900,344100,,,,124,51～125cc,ネイキッド＆ストリート,350,4.1,19,541,https://www.bikebros.co.jp/catalog/2/92_7/,2026-09-05
ヤマハ,YD125,2,178000,188000,,,,,51～125cc,ビジネスバイク＆ミニバイク,1653,5,2,11,https://www.bikebros.co.jp/catalog/2/96_1/,2026-09-05
ヤマハ,その他のモデル,15,160000,770000,315000,605000,21,,,その他のタイプ,5546,3,1,128,https://www.bikebros.co.jp/catalog/2/9999_1/,2026-09-05
ヤマハ,CYGNUS GRYPHUS シグナス グリファス,53,228000,498000,319000,738000,75,124.6,51～125cc,ビッグスクーター,305,0,0,81,https://www.bikebros.co.jp/catalog/2/999_104/,2026-09-05
ヤマハ,XSR125,45,338000,495000,448000,763000,275,124.7,51～125cc,ネイキッド＆ストリート,247,0,0,124,https://www.bikebros.co.jp/catalog/2/999_107/,2026-09-05
ヤマハ,XJ550,7,1130000,2200000,,,,,401～750cc,ネイキッド＆ストリート,2372,0,0,8,https://www.bikebros.co.jp/catalog/2/999_108/,2026-09-05
ヤマハ,FZ-X,12,199800,273000,279500,369000,10,149,126～250cc,ネイキッド＆ストリート,1353,0,0,67,https://www.bikebros.co.jp/catalog/2/999_109/,2026-09-05
ヤマハ,X FORCE Xフォース,25,209500,358000,298000,1500000,230,155,126～250cc,ビッグスクーター,520,0,0,49,https://www.bikebros.co.jp/catalog/2/999_113/,2026-09-05
ヤマハ,XSR900GP,37,1190000,1549900,1358500,1801000,61,888,751～1000cc,スポーツ＆ツアラー,372,0,0,52,https://www.bikebros.co.jp/catalog/2/999_118/,2026-09-05
ヤマハ,PG-1,2,308000,338000,359900,1280000,108,114,51～125cc,ネイキッド＆ストリート,1303,0,0,12,https://www.bikebros.co.jp/catalog/2/999_119/,2026-09-05
ヤマハ,YZF-R9,4,2230000,2588000,,,,888,751～1000cc,スポーツ＆ツアラー,256,0,0,18,https://www.bikebros.co.jp/catalog/2/999_120/,2026-09-05
ヤマハ,Fazzio ファツィオ,5,218000,324900,280000,369900,597,124.8,51～125cc,ビッグスクーター,411,5,1,2,https://www.bikebros.co.jp/catalog/2/999_121/,2026-09-05
ヤマハ,JOG ONE ジョグ ワン,4,209000,259600,210000,260000,581,124,51～125cc,原付・スクーター,1098,0,0,0,https://www.bikebros.co.jp/catalog/2/999_124/,2026-09-05
ヤマハ,TRACER900 / GT トレーサー900 / GT,45,847000,1538000,,,,845,751～1000cc,スポーツ＆ツアラー,760,0,0,6,https://www.bikebros.co.jp/catalog/2/999_125/,2026-09-05
ヤマハ,TRACER9 / GT/ + / Y-AMT トレーサー9 / GT/ + / Y-AMT,14,1056000,2120000,1375900,1980000,144,888,751～1000cc,スポーツ＆ツアラー,239,0,0,20,https://www.bikebros.co.jp/catalog/2/999_126/,2026-09-05
ヤマハ,MT-125,15,358000,438000,407000,517000,147,124.7,51～125cc,ネイキッド＆ストリート,509,0,0,10,https://www.bikebros.co.jp/catalog/2/999_13/,2026-09-05
ヤマハ,XSR700,47,620000,905000,835900,1010000,67,688,401～750cc,ネイキッド＆ストリート,150,5,1,297,https://www.bikebros.co.jp/catalog/2/999_24/,2026-09-05
ヤマハ,YX125 YX125 天隼,2,98000,139000,,,,,51～125cc,ビジネスバイク＆ミニバイク,2204,5,1,13,https://www.bikebros.co.jp/catalog/2/999_29/,2026-09-05
ヤマハ,FAZER25 フェザー25,3,198000,338000,,,,249,126～250cc,スポーツ＆ツアラー,1400,0,0,26,https://www.bikebros.co.jp/catalog/2/999_35/,2026-09-05
ヤマハ,NIKEN ナイケン,4,928000,1148000,,,,845,751～1000cc,スポーツ＆ツアラー,1185,4,1,39,https://www.bikebros.co.jp/catalog/2/999_46/,2026-09-05
ヤマハ,CYGNUS RAY ZR/125 シグナスRAY ZR/125,2,135000,180000,,,,125,51～125cc,ビッグスクーター,1218,0,0,16,https://www.bikebros.co.jp/catalog/2/999_5/,2026-09-05
ヤマハ,Tenere700 / XTZ690 テネレ700,22,1080000,1600000,1320000,1650000,43,688,401～750cc,オフロード＆モタード,180,4.3,3,125,https://www.bikebros.co.jp/catalog/2/999_66/,2026-09-05
ヤマハ,NIKEN GT ナイケンGT,2,1140000,1380000,,,,888,751～1000cc,スポーツ＆ツアラー,758,4,1,26,https://www.bikebros.co.jp/catalog/2/999_68/,2026-09-05
ヤマハ,FZS-FI,2,169800,258000,237500,310000,4,149,126～250cc,ネイキッド＆ストリート,1724,0,0,10,https://www.bikebros.co.jp/catalog/2/999_71/,2026-09-05
ヤマハ,JOG 125 ジョグ125,35,151200,252000,199600,289900,349,124,51～125cc,原付・スクーター,523,0,0,18,https://www.bikebros.co.jp/catalog/2/999_76/,2026-09-05
ヤマハ,YBR125SP,2,239800,280000,,,,125,51～125cc,ネイキッド＆ストリート,4047,0,0,10,https://www.bikebros.co.jp/catalog/2/999_80/,2026-09-05
ヤマハ,MT-15,5,234000,298000,,,,155,126～250cc,ネイキッド＆ストリート,999,4.5,4,46,https://www.bikebros.co.jp/catalog/2/999_83/,2026-09-05
ヤマハ,XSR155,72,294800,506000,356500,742800,450,155,126～250cc,ネイキッド＆ストリート,120,0,0,499,https://www.bikebros.co.jp/catalog/2/999_90/,2026-09-05
ヤマハ,TRICITY 300 トリシティ300,7,403700,783600,,,,292,251～400cc,ビッグスクーター,886,0,0,55,https://www.bikebros.co.jp/catalog/2/999_93/,2026-09-05
ヤマハ,TMAX560/TECH MAX TMAX560/テックマックス,19,1100000,1900000,1212500,1864500,92,561,401～750cc,ビッグスクーター,178,5,1,54,https://www.bikebros.co.jp/catalog/2/999_94/,2026-09-05
ヤマハ,WR155R,9,329900,450000,429000,597800,11,155,126～250cc,オフロード＆モタード,787,4,1,37,https://www.bikebros.co.jp/catalog/2/999_95/,2026-09-05
スズキ,Super MOLLET スーパーモレ,5,59800,258000,,,,49,50cc以下,原付・スクーター,2074,0,0,22,https://www.bikebros.co.jp/catalog/3/102_1/,2026-09-05
スズキ,SKYWAVE 250 スカイウェイブ250,16,68000,330000,,,,249,126～250cc,ビッグスクーター,288,4.1,15,404,https://www.bikebros.co.jp/catalog/3/103_1/,2026-09-05
スズキ,SKYWAVE 250 Limited スカイウェイブ250リミテッド,3,165000,250000,,,,249,126～250cc,ビッグスクーター,978,4,1,91,https://www.bikebros.co.jp/catalog/3/103_10/,2026-09-05
スズキ,SKYWAVE 400 Limited スカイウェイブ400リミテッド,2,259000,473000,,,,399,251～400cc,ビッグスクーター,1829,0,0,65,https://www.bikebros.co.jp/catalog/3/103_11/,2026-09-05
スズキ,SKYWAVE 400 スカイウェイブ400,2,287000,699900,,,,399,251～400cc,ビッグスクーター,691,3.2,4,54,https://www.bikebros.co.jp/catalog/3/103_2/,2026-09-05
スズキ,SKYWAVE 650/LX スカイウェイブ650/LX,3,328000,1500000,,,,638,401～750cc,ビッグスクーター,490,4.5,17,176,https://www.bikebros.co.jp/catalog/3/103_3/,2026-09-05
スズキ,SKYWAVE 250SS スカイウェイブ250SS,11,197000,399900,,,,249,126～250cc,ビッグスクーター,563,4.6,18,199,https://www.bikebros.co.jp/catalog/3/103_4/,2026-09-05
スズキ,SKYWAVE 250 TYPE M スカイウェイブ250タイプM,11,220000,480000,,,,249,126～250cc,ビッグスクーター,543,4.3,18,475,https://www.bikebros.co.jp/catalog/3/103_5/,2026-09-05
スズキ,SKYWAVE 250 TYPE S/BASIC スカイウェイブ250タイプS/ベーシック,55,99900,550000,,,,249,126～250cc,ビッグスクーター,692,4.5,45,829,https://www.bikebros.co.jp/catalog/3/103_6/,2026-09-05
スズキ,SKYWAVE 400 TYPE S スカイウェイブ400タイプS,4,280000,368000,,,,399,251～400cc,ビッグスクーター,1730,4.1,9,128,https://www.bikebros.co.jp/catalog/3/103_8/,2026-09-05
スズキ,STREETMAGIC50 ストリートマジック50,4,149000,350000,,,,49,50cc以下,ネイキッド＆ストリート,623,4.3,3,35,https://www.bikebros.co.jp/catalog/3/107_1/,2026-09-05
スズキ,STREETMAGIC50Ⅱ ストリートマジック50Ⅱ,2,178000,230000,,,,49,50cc以下,ネイキッド＆ストリート,1404,4.5,2,59,https://www.bikebros.co.jp/catalog/3/107_2/,2026-09-05
スズキ,STREETMAGIC50S ストリートマジック50S,2,170000,248000,,,,49,50cc以下,ネイキッド＆ストリート,1944,0,0,15,https://www.bikebros.co.jp/catalog/3/107_3/,2026-09-05
スズキ,STREETMAGIC110 ストリートマジック110,3,298000,396000,,,,113,51～125cc,ネイキッド＆ストリート,979,4,1,9,https://www.bikebros.co.jp/catalog/3/107_4/,2026-09-05
スズキ,STREETMAGICⅡ110 ストリートマジックⅡ110,2,240000,319000,,,,113,51～125cc,ネイキッド＆ストリート,1471,5,1,22,https://www.bikebros.co.jp/catalog/3/107_5/,2026-09-05
スズキ,SEPIA ZZ セピアZZ,5,113400,298000,,,,49,50cc以下,原付・スクーター,1144,4,2,44,https://www.bikebros.co.jp/catalog/3/110_3/,2026-09-05
スズキ,choinori チョイノリ,13,49800,109800,,,,49,50cc以下,原付・スクーター,659,2.9,15,206,https://www.bikebros.co.jp/catalog/3/114_2/,2026-09-05
スズキ,choinori SS チョイノリSS,2,87000,98000,,,,49,50cc以下,原付・スクーター,866,4.5,2,30,https://www.bikebros.co.jp/catalog/3/114_4/,2026-09-05
スズキ,Desperado winder デスペラードワインダー,2,198000,968000,,,,399,251～400cc,アメリカン＆クルーザー,1188,0,0,8,https://www.bikebros.co.jp/catalog/3/115_4/,2026-09-05
スズキ,TEMPTER 400 テンプター400,7,480000,658900,,,,396,251～400cc,ネイキッド＆ストリート,613,4.2,6,73,https://www.bikebros.co.jp/catalog/3/116_1/,2026-09-05
スズキ,BURGMAN 200 バーグマン200,63,135100,790000,,,,199,126～250cc,ビッグスクーター,229,3.8,6,356,https://www.bikebros.co.jp/catalog/3/117_3/,2026-09-05
スズキ,2Cycle Birdie 50 2サイクルバーディー50,3,113400,150000,,,,49,50cc以下,ビジネスバイク＆ミニバイク,835,4,1,33,https://www.bikebros.co.jp/catalog/3/118_1/,2026-09-05
スズキ,新聞Birdie 50 新聞バーディー50,3,88000,176000,,,,49,50cc以下,ビジネスバイク＆ミニバイク,1530,0,0,7,https://www.bikebros.co.jp/catalog/3/118_3/,2026-09-05
スズキ,Birdie 50 バーディー50,13,79800,159500,,,,49,50cc以下,ビジネスバイク＆ミニバイク,351,4.3,3,76,https://www.bikebros.co.jp/catalog/3/118_6/,2026-09-05
スズキ,HI R ハイR,2,398000,498000,,,,49,50cc以下,原付・スクーター,2077,0,0,2,https://www.bikebros.co.jp/catalog/3/119_2/,2026-09-05
スズキ,TS200R,2,168000,249000,,,,195,126～250cc,オフロード＆モタード,817,4,1,40,https://www.bikebros.co.jp/catalog/3/120_10/,2026-09-05
スズキ,HUSTLER 250 ハスラー250,5,348000,599000,,,,246,126～250cc,オフロード＆モタード,790,5,1,28,https://www.bikebros.co.jp/catalog/3/120_11/,2026-09-05
スズキ,TS400 ハスラー400,3,880000,1320000,,,,396,251～400cc,オフロード＆モタード,1221,4,1,6,https://www.bikebros.co.jp/catalog/3/120_13/,2026-09-05
スズキ,HUSTLER 50/TS50/TS50W ハスラー50,7,128000,328000,,,,49,50cc以下,オフロード＆モタード,389,4.4,8,88,https://www.bikebros.co.jp/catalog/3/120_2/,2026-09-05
スズキ,TS125,3,660000,798000,,,,,51～125cc,オフロード＆モタード,2595,0,0,13,https://www.bikebros.co.jp/catalog/3/120_3/,2026-09-05
スズキ,GSX1300R HAYABUSA 隼 ハヤブサ,161,369600,3990000,1958000,2742000,254,1339,1001cc以上,スポーツ＆ツアラー,14,4.7,106,3111,https://www.bikebros.co.jp/catalog/3/121_1/,2026-09-05
スズキ,BANDIT 250/V/VZ バンディット250/V/VZ,19,170000,945000,,,,248,126～250cc,ネイキッド＆ストリート,219,4.3,30,524,https://www.bikebros.co.jp/catalog/3/122_1/,2026-09-05
スズキ,BANDIT 1250F バンディット1250F,8,531000,770000,,,,1254,1001cc以上,スポーツ＆ツアラー,491,4.4,33,396,https://www.bikebros.co.jp/catalog/3/122_12/,2026-09-05
スズキ,BANDIT 400LTD/V バンディット400リミテッド/V,3,499900,881000,,,,398,251～400cc,ネイキッド＆ストリート,1405,0,0,21,https://www.bikebros.co.jp/catalog/3/122_14/,2026-09-05
スズキ,BANDIT 400/V/VZ バンディット400/V/VZ,5,420000,598000,,,,398,251～400cc,ネイキッド＆ストリート,395,4,5,100,https://www.bikebros.co.jp/catalog/3/122_2/,2026-09-05
スズキ,BANDIT 1250 バンディット1250,2,559900,599900,,,,1254,1001cc以上,ネイキッド＆ストリート,1037,4.6,8,34,https://www.bikebros.co.jp/catalog/3/122_6/,2026-09-05
スズキ,BANDIT 1200S バンディット1200S,19,350000,898000,,,,1156,1001cc以上,ネイキッド＆ストリート,544,4.2,14,271,https://www.bikebros.co.jp/catalog/3/122_7/,2026-09-05
スズキ,BANDIT 1250S バンディット1250S,5,579900,768000,,,,1254,1001cc以上,ネイキッド＆ストリート,727,4.5,15,240,https://www.bikebros.co.jp/catalog/3/122_8/,2026-09-05
スズキ,VanVan 50 バンバン50,7,149900,300000,,,,49,50cc以下,ネイキッド＆ストリート,273,3.5,2,34,https://www.bikebros.co.jp/catalog/3/123_1/,2026-09-05
スズキ,VanVan 90 バンバン90,7,349100,535000,,,,88,51～125cc,ネイキッド＆ストリート,1261,4,2,22,https://www.bikebros.co.jp/catalog/3/123_4/,2026-09-05
スズキ,VanVan 200/Z バンバン200/Z,95,128000,549900,,,,199,126～250cc,ネイキッド＆ストリート,116,4.2,39,514,https://www.bikebros.co.jp/catalog/3/123_5/,2026-09-05
スズキ,FanFan ファンファン,2,358000,388000,,,,49,50cc以下,ビジネスバイク＆ミニバイク,1731,0,0,0,https://www.bikebros.co.jp/catalog/3/124_1/,2026-09-05
スズキ,BOULEVARD 400 ブルバード400,7,550000,860000,,,,399,251～400cc,アメリカン＆クルーザー,301,4.5,21,206,https://www.bikebros.co.jp/catalog/3/125_1/,2026-09-05
スズキ,BOULEVARD M109R/R2 ブルバードM109R/R2,15,1507000,2390000,,,,1783,1001cc以上,アメリカン＆クルーザー,177,4.5,12,179,https://www.bikebros.co.jp/catalog/3/125_4/,2026-09-05
スズキ,BOULEVARD C90 ブルバードC90,2,798000,1389000,,,,,1001cc以上,アメリカン＆クルーザー,2078,0,0,12,https://www.bikebros.co.jp/catalog/3/125_5/,2026-09-05
スズキ,VOLTY ボルティー,54,88000,482900,,,,249,126～250cc,ネイキッド＆ストリート,199,4,20,434,https://www.bikebros.co.jp/catalog/3/127_1/,2026-09-05
スズキ,DF125E,2,370000,379000,,,,124,51～125cc,オフロード＆モタード,1725,5,1,12,https://www.bikebros.co.jp/catalog/3/13_1/,2026-09-05
スズキ,DF200E,4,276100,399900,,,,199,126～250cc,オフロード＆モタード,864,5,2,47,https://www.bikebros.co.jp/catalog/3/13_2/,2026-09-05
スズキ,Let's レッツ,248,39000,198000,167900,279000,39,49,50cc以下,原付・スクーター,263,4,3,152,https://www.bikebros.co.jp/catalog/3/140_1/,2026-09-05
スズキ,Let's 4 Basket レッツ4バスケット,30,39800,126500,,,,49,50cc以下,原付・スクーター,442,5,1,26,https://www.bikebros.co.jp/catalog/3/140_11/,2026-09-05
スズキ,Let's 4 Pallet レッツ4パレット,35,30000,126500,,,,49,50cc以下,原付・スクーター,708,0,0,75,https://www.bikebros.co.jp/catalog/3/140_12/,2026-09-05
スズキ,Let's Basket レッツバスケット,49,64800,198000,199100,279100,7,49,50cc以下,原付・スクーター,1408,0,0,20,https://www.bikebros.co.jp/catalog/3/140_16/,2026-09-05
スズキ,Let's Ⅱ レッツⅡ,33,39600,132000,,,,49,50cc以下,原付・スクーター,564,4.3,33,406,https://www.bikebros.co.jp/catalog/3/140_2/,2026-09-05
スズキ,Let's 4 レッツ4,170,30000,165000,,,,49,50cc以下,原付・スクーター,168,4.1,16,417,https://www.bikebros.co.jp/catalog/3/140_3/,2026-09-05
スズキ,Let's 5 レッツ5,23,50000,111000,,,,49,50cc以下,原付・スクーター,889,5,2,59,https://www.bikebros.co.jp/catalog/3/140_4/,2026-09-05
スズキ,Gemma 125 ジェンマ125,2,250000,290000,,,,,51～125cc,ビッグスクーター,1947,0,0,13,https://www.bikebros.co.jp/catalog/3/141_3/,2026-09-05
スズキ,Gemma ジェンマ,34,160000,1320000,,,,249,126～250cc,ビッグスクーター,437,4.3,10,202,https://www.bikebros.co.jp/catalog/3/141_7/,2026-09-05
スズキ,GLADIUS 650 グラディウス650,5,398000,558000,,,,645,401～750cc,ネイキッド＆ストリート,836,4.8,6,90,https://www.bikebros.co.jp/catalog/3/146_1/,2026-09-05
スズキ,GLADIUS 400 グラディウス400,20,288000,638000,,,,399,251～400cc,ネイキッド＆ストリート,230,4.7,19,429,https://www.bikebros.co.jp/catalog/3/146_2/,2026-09-05
スズキ,GZ150-A,5,128000,299900,,,,,126～250cc,アメリカン＆クルーザー,1357,0,0,15,https://www.bikebros.co.jp/catalog/3/147_1/,2026-09-05
スズキ,GZ150,3,138000,249900,,,,,126～250cc,アメリカン＆クルーザー,3034,0,0,5,https://www.bikebros.co.jp/catalog/3/147_3/,2026-09-05
スズキ,GSX-S1000,35,750000,1276000,1230000,1683000,149,998,751～1000cc,ネイキッド＆ストリート,117,4,4,370,https://www.bikebros.co.jp/catalog/3/149_1/,2026-09-05
スズキ,GSX-S1000F,43,698000,1130000,,,,998,751～1000cc,スポーツ＆ツアラー,374,4.2,10,453,https://www.bikebros.co.jp/catalog/3/149_2/,2026-09-05
スズキ,GSX-S750,29,698000,958200,,,,749,401～750cc,ネイキッド＆ストリート,249,5,2,218,https://www.bikebros.co.jp/catalog/3/149_3/,2026-09-05
スズキ,V-Strom 650 Vストローム650,18,469000,957000,910800,990000,13,645,401～750cc,スポーツ＆ツアラー,119,4.5,15,380,https://www.bikebros.co.jp/catalog/3/14_1/,2026-09-05
スズキ,V-Strom 1000 Vストローム1000,5,746000,828000,,,,1036,1001cc以上,スポーツ＆ツアラー,975,4.7,6,169,https://www.bikebros.co.jp/catalog/3/14_2/,2026-09-05
スズキ,V-Strom 650XT Vストローム650XT,20,738000,998000,898000,1100000,54,645,401～750cc,スポーツ＆ツアラー,284,4.3,9,285,https://www.bikebros.co.jp/catalog/3/14_5/,2026-09-05
スズキ,V-Strom 250 Vストローム250,203,338000,638000,490000,690800,457,248,126～250cc,スポーツ＆ツアラー,50,4.2,6,1031,https://www.bikebros.co.jp/catalog/3/14_6/,2026-09-05
スズキ,V-Strom 1000XT Vストローム1000XT,3,898000,1168300,,,,1036,1001cc以上,スポーツ＆ツアラー,1067,0,0,15,https://www.bikebros.co.jp/catalog/3/14_7/,2026-09-05
スズキ,GIXXER 150 ジクサー150,139,128000,339000,272000,419600,322,154,126～250cc,ネイキッド＆ストリート,100,4,6,459,https://www.bikebros.co.jp/catalog/3/150_1/,2026-09-05
スズキ,DR-Z400SM,10,497500,959900,1054900,1199000,6,398,251～400cc,オフロード＆モタード,412,4.3,20,358,https://www.bikebros.co.jp/catalog/3/15_5/,2026-09-05
スズキ,EN125,5,162100,198000,,,,,51～125cc,ビジネスバイク＆ミニバイク,1526,4.1,10,95,https://www.bikebros.co.jp/catalog/3/17_1/,2026-09-05
スズキ,250SB,6,344000,490000,,,,249,126～250cc,オフロード＆モタード,863,4.2,8,115,https://www.bikebros.co.jp/catalog/3/1_1/,2026-09-05
スズキ,GN125,86,128000,598000,,,,124,51～125cc,ネイキッド＆ストリート,272,4.3,29,788,https://www.bikebros.co.jp/catalog/3/23_2/,2026-09-05
スズキ,GSF750,2,380000,428000,,,,749,401～750cc,ネイキッド＆ストリート,788,4.3,6,38,https://www.bikebros.co.jp/catalog/3/26_2/,2026-09-05
スズキ,GSF1200,6,520000,880000,,,,1156,1001cc以上,ネイキッド＆ストリート,657,4,5,125,https://www.bikebros.co.jp/catalog/3/26_3/,2026-09-05
スズキ,GSR250F,6,198000,338000,,,,248,126～250cc,スポーツ＆ツアラー,1259,4.2,4,120,https://www.bikebros.co.jp/catalog/3/27_10/,2026-09-05
スズキ,GSR400,21,334800,749900,,,,398,251～400cc,ネイキッド＆ストリート,174,4.6,46,485,https://www.bikebros.co.jp/catalog/3/27_2/,2026-09-05
スズキ,GSR750,19,346500,748000,,,,749,401～750cc,ネイキッド＆ストリート,216,4.2,12,444,https://www.bikebros.co.jp/catalog/3/27_5/,2026-09-05
スズキ,GSR250,118,148000,377300,,,,248,126～250cc,ネイキッド＆ストリート,90,4.3,27,1151,https://www.bikebros.co.jp/catalog/3/27_7/,2026-09-05
スズキ,GSR250S,13,155100,369900,,,,248,126～250cc,ネイキッド＆ストリート,742,4.7,6,133,https://www.bikebros.co.jp/catalog/3/27_9/,2026-09-05
スズキ,GSX-R400R/SP/SPⅡ,7,548000,1699900,,,,398,251～400cc,スポーツ＆ツアラー,644,5,1,68,https://www.bikebros.co.jp/catalog/3/28_10/,2026-09-05
スズキ,GSX-R400/SP,4,448000,898000,,,,398,251～400cc,スポーツ＆ツアラー,430,4.2,4,47,https://www.bikebros.co.jp/catalog/3/28_2/,2026-09-05
スズキ,GSX-R600,14,693000,1298000,,,,599,401～750cc,スポーツ＆ツアラー,122,4.7,7,241,https://www.bikebros.co.jp/catalog/3/28_3/,2026-09-05
スズキ,GSX-R750,25,350000,2800000,,,,749,401～750cc,スポーツ＆ツアラー,34,4.7,16,540,https://www.bikebros.co.jp/catalog/3/28_4/,2026-09-05
スズキ,GSX-R1000/R,75,498000,2378400,2326000,2750000,144,999,751～1000cc,スポーツ＆ツアラー,11,4.5,21,1376,https://www.bikebros.co.jp/catalog/3/28_5/,2026-09-05
スズキ,GSX-R1100/W,22,580000,1650000,,,,1074,1001cc以上,スポーツ＆ツアラー,373,4.3,12,293,https://www.bikebros.co.jp/catalog/3/28_6/,2026-09-05
スズキ,GSX-R750R,3,2480000,5500000,,,,749,401～750cc,スポーツ＆ツアラー,1587,0,0,36,https://www.bikebros.co.jp/catalog/3/28_7/,2026-09-05
スズキ,GSX250FX,13,400000,770000,,,,249,126～250cc,ネイキッド＆ストリート,539,4.6,6,99,https://www.bikebros.co.jp/catalog/3/29_1/,2026-09-05
スズキ,GSX1100F,3,198000,559000,,,,1074,1001cc以上,ネイキッド＆ストリート,1935,4.5,2,13,https://www.bikebros.co.jp/catalog/3/29_18/,2026-09-05
スズキ,GSX400F,12,950000,1848000,,,,398,251～400cc,ネイキッド＆ストリート,1219,4.3,3,34,https://www.bikebros.co.jp/catalog/3/29_2/,2026-09-05
スズキ,GSX250R,205,201100,569900,429000,647900,289,248,126～250cc,スポーツ＆ツアラー,52,4.5,2,1083,https://www.bikebros.co.jp/catalog/3/29_20/,2026-09-05
スズキ,GSX750E,8,550000,1970000,,,,747,401～750cc,ネイキッド＆ストリート,1588,4,4,44,https://www.bikebros.co.jp/catalog/3/29_6/,2026-09-05
スズキ,GSX1400/Z,24,533000,2698000,,,,1401,1001cc以上,ネイキッド＆ストリート,211,4.6,34,519,https://www.bikebros.co.jp/catalog/3/29_9/,2026-09-05
スズキ,GS50,9,199000,355000,,,,49,50cc以下,ネイキッド＆ストリート,1000,4.5,31,105,https://www.bikebros.co.jp/catalog/3/30_1/,2026-09-05
スズキ,GS750,12,900000,3960000,,,,748,401～750cc,ネイキッド＆ストリート,816,0,0,32,https://www.bikebros.co.jp/catalog/3/30_10/,2026-09-05
スズキ,GS1000,7,1200000,2250000,,,,,751～1000cc,ネイキッド＆ストリート,1527,0,0,19,https://www.bikebros.co.jp/catalog/3/30_11/,2026-09-05
スズキ,GS1000S,2,2200000,3200000,,,,997,751～1000cc,ネイキッド＆ストリート,1402,0,0,6,https://www.bikebros.co.jp/catalog/3/30_12/,2026-09-05
スズキ,GS1200SS,13,1600000,3488000,,,,1156,1001cc以上,スポーツ＆ツアラー,689,4.5,4,113,https://www.bikebros.co.jp/catalog/3/30_14/,2026-09-05
スズキ,GS400E,2,2090000,3708000,,,,,251～400cc,ネイキッド＆ストリート,1936,0,0,25,https://www.bikebros.co.jp/catalog/3/30_15/,2026-09-05
スズキ,GS400L,2,2300000,2975000,,,,,251～400cc,ネイキッド＆ストリート,2215,0,0,4,https://www.bikebros.co.jp/catalog/3/30_16/,2026-09-05
スズキ,GS550E,5,600000,2799000,,,,549,401～750cc,ネイキッド＆ストリート,2216,0,0,3,https://www.bikebros.co.jp/catalog/3/30_17/,2026-09-05
スズキ,GS750E,11,650000,2980000,,,,748,401～750cc,ネイキッド＆ストリート,1658,0,0,31,https://www.bikebros.co.jp/catalog/3/30_18/,2026-09-05
スズキ,GS750G,2,580000,880000,,,,748,401～750cc,ネイキッド＆ストリート,1937,4,1,17,https://www.bikebros.co.jp/catalog/3/30_19/,2026-09-05
スズキ,GS400,61,650000,5500000,,,,398,251～400cc,ネイキッド＆ストリート,743,3.8,4,166,https://www.bikebros.co.jp/catalog/3/30_4/,2026-09-05
スズキ,GS425,6,1500000,2640000,,,,,401～750cc,ネイキッド＆ストリート,1589,0,0,2,https://www.bikebros.co.jp/catalog/3/30_5/,2026-09-05
スズキ,GS450,3,1100000,1200000,,,,,401～750cc,ネイキッド＆ストリート,2779,0,0,6,https://www.bikebros.co.jp/catalog/3/30_6/,2026-09-05
スズキ,GT380,50,1600000,4950000,,,,371,251～400cc,ネイキッド＆ストリート,540,4.5,2,80,https://www.bikebros.co.jp/catalog/3/31_6/,2026-09-05
スズキ,GT500,2,920000,1210000,,,,,401～750cc,ネイキッド＆ストリート,2217,0,0,4,https://www.bikebros.co.jp/catalog/3/31_7/,2026-09-05
スズキ,GT550,6,1550000,2750000,,,,543,401～750cc,ネイキッド＆ストリート,931,3,1,13,https://www.bikebros.co.jp/catalog/3/31_8/,2026-09-05
スズキ,GT750,15,1545000,3366000,,,,738,401～750cc,ネイキッド＆ストリート,1034,5,2,44,https://www.bikebros.co.jp/catalog/3/31_9/,2026-09-05
スズキ,GZ125HS,2,148000,199900,,,,,51～125cc,ネイキッド＆ストリート,1101,4.6,9,81,https://www.bikebros.co.jp/catalog/3/33_1/,2026-09-05
スズキ,K125,4,328000,370000,,,,123,51～125cc,ビジネスバイク＆ミニバイク,1727,3.5,4,15,https://www.bikebros.co.jp/catalog/3/35_1/,2026-09-05
スズキ,K90,9,120000,228000,,,,88,51～125cc,ビジネスバイク＆ミニバイク,541,4,1,31,https://www.bikebros.co.jp/catalog/3/39_1/,2026-09-05
スズキ,RG250E,2,1200000,1900000,,,,247,126～250cc,スポーツ＆ツアラー,1659,5,1,18,https://www.bikebros.co.jp/catalog/3/48_5/,2026-09-05
スズキ,RG50E,3,290000,450000,,,,49,50cc以下,ネイキッド＆ストリート,2219,0,0,14,https://www.bikebros.co.jp/catalog/3/48_6/,2026-09-05
スズキ,RMX250S,5,398000,769700,,,,249,126～250cc,オフロード＆モタード,542,4,6,125,https://www.bikebros.co.jp/catalog/3/51_3/,2026-09-05
スズキ,ST250/E-Type ST250/Eタイプ,83,149900,838000,,,,249,126～250cc,ネイキッド＆ストリート,88,4.3,38,766,https://www.bikebros.co.jp/catalog/3/58_1/,2026-09-05
スズキ,SV400,4,240000,498000,,,,399,251～400cc,ネイキッド＆ストリート,762,4.2,9,69,https://www.bikebros.co.jp/catalog/3/59_1/,2026-09-05
スズキ,SV650,101,398000,796000,679000,836000,84,645,401～750cc,スポーツ＆ツアラー,35,0,0,473,https://www.bikebros.co.jp/catalog/3/59_2/,2026-09-05
スズキ,SV1000S,4,330000,800800,,,,995,751～1000cc,スポーツ＆ツアラー,436,4.7,10,119,https://www.bikebros.co.jp/catalog/3/59_4/,2026-09-05
スズキ,SV400S,4,320000,558000,,,,399,251～400cc,スポーツ＆ツアラー,789,4.9,13,135,https://www.bikebros.co.jp/catalog/3/59_5/,2026-09-05
スズキ,SW-1,6,620000,798000,,,,249,126～250cc,ネイキッド＆ストリート,1187,4.8,9,51,https://www.bikebros.co.jp/catalog/3/60_1/,2026-09-05
スズキ,TL1000R,3,500000,1020000,,,,995,751～1000cc,スポーツ＆ツアラー,977,4.6,5,65,https://www.bikebros.co.jp/catalog/3/69_1/,2026-09-05
スズキ,ZZ ジーツー,33,78000,248000,,,,49,50cc以下,原付・スクーター,279,4.5,64,262,https://www.bikebros.co.jp/catalog/3/76_1/,2026-09-05
スズキ,AVENIS 125 アヴェニス125,30,195000,249900,207900,285400,343,124,51～125cc,ビッグスクーター,326,4,3,21,https://www.bikebros.co.jp/catalog/3/77_1/,2026-09-05
スズキ,ADDRESS V125G アドレスV125G,55,98000,238000,,,,124,51～125cc,ビッグスクーター,287,4.4,16,1088,https://www.bikebros.co.jp/catalog/3/79_10/,2026-09-05
スズキ,ADDRESS V125S アドレスV125S,85,114600,229000,,,,124,51～125cc,ビッグスクーター,205,4.3,6,517,https://www.bikebros.co.jp/catalog/3/79_11/,2026-09-05
スズキ,ADDRESS V125S Basic アドレスV125Sベーシック,2,165000,198000,,,,124,51～125cc,ビッグスクーター,3029,0,0,38,https://www.bikebros.co.jp/catalog/3/79_12/,2026-09-05
スズキ,ADDRESS V125S Limited アドレスV125Sリミテッド,15,99800,398000,,,,124,51～125cc,ビッグスクーター,577,3.7,3,135,https://www.bikebros.co.jp/catalog/3/79_13/,2026-09-05
スズキ,ADDRESS V125SS アドレスV125SS,7,120000,199000,,,,124,51～125cc,ビッグスクーター,2784,3,1,49,https://www.bikebros.co.jp/catalog/3/79_15/,2026-09-05
スズキ,ADDRESS 110 アドレス110,82,66100,298000,,,,112,51～125cc,ビッグスクーター,235,4.2,30,592,https://www.bikebros.co.jp/catalog/3/79_17/,2026-09-05
スズキ,ADDRESS V50 アドレスV50,108,49800,220000,179300,240000,15,49,50cc以下,原付・スクーター,164,4.4,18,354,https://www.bikebros.co.jp/catalog/3/79_2/,2026-09-05
スズキ,ADDRESS V100 アドレスV100,21,60000,328000,,,,99,51～125cc,ビッグスクーター,346,4.4,24,444,https://www.bikebros.co.jp/catalog/3/79_6/,2026-09-05
スズキ,ADDRESS V125 アドレスV125,42,89800,250000,,,,124,51～125cc,ビッグスクーター,121,4.3,105,486,https://www.bikebros.co.jp/catalog/3/79_7/,2026-09-05
スズキ,INAZUMA 400 イナズマ400,26,374000,849000,,,,399,251～400cc,ネイキッド＆ストリート,248,4.6,32,397,https://www.bikebros.co.jp/catalog/3/80_1/,2026-09-05
スズキ,INAZUMA 1200 イナズマ1200,6,450000,1798000,,,,1156,1001cc以上,ネイキッド＆ストリート,611,4.1,8,96,https://www.bikebros.co.jp/catalog/3/80_3/,2026-09-05
スズキ,INTRUDER LC250 イントルーダーLC250,16,168000,498000,,,,248,126～250cc,アメリカン＆クルーザー,358,4.3,3,111,https://www.bikebros.co.jp/catalog/3/81_2/,2026-09-05
スズキ,INTRUDER 400 イントルーダー400,2,278000,398000,,,,399,251～400cc,アメリカン＆クルーザー,1103,4.5,89,67,https://www.bikebros.co.jp/catalog/3/81_3/,2026-09-05
スズキ,INTRUDER 1400 イントルーダー1400,6,328000,998000,,,,,1001cc以上,アメリカン＆クルーザー,1660,4.3,3,24,https://www.bikebros.co.jp/catalog/3/81_6/,2026-09-05
スズキ,Intruder Classic 400 イントルーダークラシック400,63,278000,1400000,,,,399,251～400cc,アメリカン＆クルーザー,192,4.5,11,749,https://www.bikebros.co.jp/catalog/3/81_8/,2026-09-05
スズキ,GSX400 IMPULSE GSX400インパルス,50,518000,1650000,,,,399,251～400cc,ネイキッド＆ストリート,224,4.4,31,444,https://www.bikebros.co.jp/catalog/3/82_1/,2026-09-05
スズキ,GSX400FS IMPULSE GSX400FSインパルス,5,1924000,4400000,,,,399,251～400cc,ネイキッド＆ストリート,2589,0,0,21,https://www.bikebros.co.jp/catalog/3/82_2/,2026-09-05
スズキ,GSX400 IMPULSE Type S GSX400インパルス タイプS,6,748000,1458000,,,,399,251～400cc,ネイキッド＆ストリート,1104,0,0,123,https://www.bikebros.co.jp/catalog/3/82_4/,2026-09-05
スズキ,VECSTAR 150 ヴェクスター150,4,89900,168000,,,,152,126～250cc,ビッグスクーター,578,4.2,8,118,https://www.bikebros.co.jp/catalog/3/84_2/,2026-09-05
スズキ,Verde ヴェルデ,11,55000,169900,328000,370000,2,49,50cc以下,原付・スクーター,932,4.3,6,64,https://www.bikebros.co.jp/catalog/3/85_1/,2026-09-05
スズキ,WOLF 50 ウルフ50,2,257000,440000,,,,49,50cc以下,ネイキッド＆ストリート,726,4.7,7,32,https://www.bikebros.co.jp/catalog/3/86_1/,2026-09-05
スズキ,WOLF 200 ウルフ200,2,600000,657800,,,,195,126～250cc,ネイキッド＆ストリート,1470,4,5,15,https://www.bikebros.co.jp/catalog/3/86_4/,2026-09-05
スズキ,WOLF 250 ウルフ250,4,545400,998000,,,,249,126～250cc,ネイキッド＆ストリート,612,5,1,60,https://www.bikebros.co.jp/catalog/3/86_5/,2026-09-05
スズキ,GSX1100S KATANA GSX1100Sカタナ,55,970000,4500000,,,,1074,1001cc以上,スポーツ＆ツアラー,218,4.4,23,624,https://www.bikebros.co.jp/catalog/3/89_10/,2026-09-05
スズキ,GS125E,2,188000,348000,,,,124,51～125cc,ネイキッド＆ストリート,1827,0,0,3,https://www.bikebros.co.jp/catalog/3/89_2/,2026-09-05
スズキ,GSX250E,12,648000,1330000,,,,249,126～250cc,ネイキッド＆ストリート,593,0,0,66,https://www.bikebros.co.jp/catalog/3/89_4/,2026-09-05
スズキ,GSX250S KATANA GSX250Sカタナ,17,198000,1000000,,,,248,126～250cc,ネイキッド＆ストリート,413,4.4,28,329,https://www.bikebros.co.jp/catalog/3/89_5/,2026-09-05
スズキ,GSX400E,18,1150000,2915000,,,,399,251～400cc,ネイキッド＆ストリート,909,4,1,21,https://www.bikebros.co.jp/catalog/3/89_6/,2026-09-05
スズキ,GSX400S KATANA GSX400Sカタナ,12,349900,799900,,,,399,251～400cc,ネイキッド＆ストリート,394,4.6,23,405,https://www.bikebros.co.jp/catalog/3/89_7/,2026-09-05
スズキ,GSX750S KATANA GSX750Sカタナ,23,380000,2220000,,,,747,401～750cc,スポーツ＆ツアラー,338,4.4,9,252,https://www.bikebros.co.jp/catalog/3/89_8/,2026-09-05
スズキ,RG50Γ RG50ガンマ,2,491000,950100,,,,49,50cc以下,ネイキッド＆ストリート,955,4.1,8,34,https://www.bikebros.co.jp/catalog/3/90_1/,2026-09-05
スズキ,RG250Γ RG250ガンマ,14,400000,3998000,,,,247,126～250cc,スポーツ＆ツアラー,594,4.1,15,170,https://www.bikebros.co.jp/catalog/3/90_5/,2026-09-05
スズキ,RGV250Γ RGV250ガンマ,17,599000,2399000,,,,249,126～250cc,スポーツ＆ツアラー,232,4.6,21,196,https://www.bikebros.co.jp/catalog/3/90_6/,2026-09-05
スズキ,RG400Γ RG400ガンマ,4,799000,1799900,,,,397,251～400cc,スポーツ＆ツアラー,956,4.5,6,43,https://www.bikebros.co.jp/catalog/3/90_7/,2026-09-05
スズキ,GAG ギャグ,5,348000,648000,,,,49,50cc以下,スポーツ＆ツアラー,658,4.7,3,55,https://www.bikebros.co.jp/catalog/3/91_1/,2026-09-05
スズキ,GOOSE 250 グース250,7,318000,456000,,,,249,126～250cc,ネイキッド＆ストリート,1143,4.6,5,60,https://www.bikebros.co.jp/catalog/3/92_1/,2026-09-05
スズキ,GOOSE 350 グース350,12,278000,890200,,,,348,251～400cc,ネイキッド＆ストリート,677,4.4,9,141,https://www.bikebros.co.jp/catalog/3/92_2/,2026-09-05
スズキ,Grasstracker グラストラッカー,67,169900,680000,,,,249,126～250cc,ネイキッド＆ストリート,70,4,34,631,https://www.bikebros.co.jp/catalog/3/93_1/,2026-09-05
スズキ,Grasstracker BIGBOY グラストラッカービッグボーイ,61,198000,780000,,,,249,126～250cc,ネイキッド＆ストリート,196,4.2,67,761,https://www.bikebros.co.jp/catalog/3/93_2/,2026-09-05
スズキ,COLLEDA Sports50 コレダスポーツ50,4,178000,260000,,,,49,50cc以下,ネイキッド＆ストリート,865,4,2,22,https://www.bikebros.co.jp/catalog/3/95_6/,2026-09-05
スズキ,SAVAGE 400（LS400） サベージ400,3,320000,398000,,,,396,251～400cc,アメリカン＆クルーザー,690,4.4,9,39,https://www.bikebros.co.jp/catalog/3/96_1/,2026-09-05
スズキ,SAVAGE 650（LS650） サベージ650,2,448000,898000,,,,652,401～750cc,アメリカン＆クルーザー,2592,5,1,20,https://www.bikebros.co.jp/catalog/3/96_2/,2026-09-05
スズキ,DJEBEL 125 ジェベル125,4,148000,238000,,,,124,51～125cc,オフロード＆モタード,1070,4.8,12,73,https://www.bikebros.co.jp/catalog/3/97_1/,2026-09-05
スズキ,DJEBEL 200 ジェベル200,12,198000,380000,,,,199,126～250cc,オフロード＆モタード,423,4,10,237,https://www.bikebros.co.jp/catalog/3/97_2/,2026-09-05
スズキ,DJEBEL 250 XC ジェベル250XC,4,348000,698000,,,,249,126～250cc,オフロード＆モタード,269,4.5,20,261,https://www.bikebros.co.jp/catalog/3/97_5/,2026-09-05
スズキ,その他のモデル,9,148000,4980000,,,,,,その他のタイプ,6268,4.5,2,75,https://www.bikebros.co.jp/catalog/3/9999_1/,2026-09-05
スズキ,BURGMAN 400 バーグマン400,28,349800,836000,788000,980300,138,399,251～400cc,ビッグスクーター,339,4,1,74,https://www.bikebros.co.jp/catalog/3/999_1/,2026-09-05
スズキ,GSX-R125,105,220000,423000,385000,453200,34,124,51～125cc,スポーツ＆ツアラー,160,5,1,536,https://www.bikebros.co.jp/catalog/3/999_10/,2026-09-05
スズキ,V-Strom 250SX Vストローム250SX,45,346000,629900,460000,620000,410,249,126～250cc,スポーツ＆ツアラー,187,4.5,2,204,https://www.bikebros.co.jp/catalog/3/999_100/,2026-09-05
スズキ,BURGMAN STREET125 / EX バーグマンストリート125 / EX,31,165000,278000,244600,318100,474,124,51～125cc,ビッグスクーター,396,5,1,25,https://www.bikebros.co.jp/catalog/3/999_102/,2026-09-05
スズキ,GSX-8S,37,698000,1025000,849200,1166000,181,775,751～1000cc,ネイキッド＆ストリート,267,4.7,3,53,https://www.bikebros.co.jp/catalog/3/999_103/,2026-09-05
スズキ,V-Strom 800DE Vストローム800DE,7,900000,1166000,1130000,1397200,94,775,751～1000cc,オフロード＆モタード,890,0,0,26,https://www.bikebros.co.jp/catalog/3/999_104/,2026-09-05
スズキ,V-Strom 800 Vストローム800,7,880000,1166000,1124200,1309000,117,775,751～1000cc,オフロード＆モタード,307,0,0,31,https://www.bikebros.co.jp/catalog/3/999_105/,2026-09-05
スズキ,GSX-8R,37,768900,1149000,974100,1243100,253,775,751～1000cc,スポーツ＆ツアラー,93,4,1,79,https://www.bikebros.co.jp/catalog/3/999_106/,2026-09-05
スズキ,GSX-S1000GX,11,1198000,2000000,1699900,2112000,109,998,751～1000cc,スポーツ＆ツアラー,424,0,0,19,https://www.bikebros.co.jp/catalog/3/999_107/,2026-09-05
スズキ,DR-Z4S,7,990000,1169000,1000000,1199900,215,398,251～400cc,オフロード＆モタード,459,0,0,15,https://www.bikebros.co.jp/catalog/3/999_109/,2026-09-05
スズキ,GSX-S125,83,175000,399900,359800,420500,33,124,51～125cc,ネイキッド＆ストリート,306,5,3,351,https://www.bikebros.co.jp/catalog/3/999_11/,2026-09-05
スズキ,DR-Z4SM,10,990000,1100000,1005000,1199100,246,398,251～400cc,オフロード＆モタード,414,1,1,14,https://www.bikebros.co.jp/catalog/3/999_110/,2026-09-05
スズキ,GSX-8TT,6,1050000,1280000,1177000,1386200,254,775.8,751～1000cc,スポーツ＆ツアラー,328,0,0,10,https://www.bikebros.co.jp/catalog/3/999_113/,2026-09-05
スズキ,SV650X,60,498000,799000,729900,880100,33,645,401～750cc,スポーツ＆ツアラー,257,4.3,3,220,https://www.bikebros.co.jp/catalog/3/999_15/,2026-09-05
スズキ,SWISH スウィッシュ,28,138000,268000,,,,124,51～125cc,ビッグスクーター,709,0,0,49,https://www.bikebros.co.jp/catalog/3/999_25/,2026-09-05
スズキ,K50,2,169000,179000,,,,49,50cc以下,ビジネスバイク＆ミニバイク,545,0,0,25,https://www.bikebros.co.jp/catalog/3/999_37/,2026-09-05
スズキ,TF125,4,385000,508000,,,,,51～125cc,オフロード＆モタード,1734,0,0,7,https://www.bikebros.co.jp/catalog/3/999_6/,2026-09-05
スズキ,ADDRESS 125 アドレス125,96,89800,273900,219000,285000,434,124,51～125cc,ビッグスクーター,101,0,0,283,https://www.bikebros.co.jp/catalog/3/999_7/,2026-09-05
スズキ,SWISH LIMITED スウィッシュリミテッド,11,159800,308000,,,,124,51～125cc,ビッグスクーター,2082,0,0,56,https://www.bikebros.co.jp/catalog/3/999_78/,2026-09-05
スズキ,KATANA（GSX-S1000S） カタナ,55,920000,2248000,1360000,1998000,117,998,751～1000cc,ネイキッド＆ストリート,204,5,1,272,https://www.bikebros.co.jp/catalog/3/999_81/,2026-09-05
スズキ,GIXXER SF150 ジクサーSF150,6,218000,348000,286000,328900,2,154.9,126～250cc,スポーツ＆ツアラー,981,5,1,22,https://www.bikebros.co.jp/catalog/3/999_82/,2026-09-05
スズキ,GSX400XS IMPULSE GSX400XSインパルス,2,670000,839800,,,,398,251～400cc,スポーツ＆ツアラー,2384,0,0,6,https://www.bikebros.co.jp/catalog/3/999_86/,2026-09-05
スズキ,GIXXER SF250 ジクサーSF250,80,215100,471000,390000,525900,282,249,126～250cc,スポーツ＆ツアラー,149,4.5,2,428,https://www.bikebros.co.jp/catalog/3/999_89/,2026-09-05
スズキ,GIXXER 250 ジクサー250,82,229800,470800,360500,503800,297,249,126～250cc,ネイキッド＆ストリート,74,4,1,259,https://www.bikebros.co.jp/catalog/3/999_91/,2026-09-05
スズキ,V-Strom 1050XT Vストローム1050XT,5,990000,1793000,,,,1036,1001cc以上,スポーツ＆ツアラー,1107,4,1,61,https://www.bikebros.co.jp/catalog/3/999_93/,2026-09-05
スズキ,GSX150 BANDIT GSX150バンディット,2,198000,288000,,,,147.3,126～250cc,ネイキッド＆ストリート,1833,0,0,3,https://www.bikebros.co.jp/catalog/3/999_96/,2026-09-05
スズキ,GSX-S1000GT,17,858000,1750000,1397000,1683000,171,998,751～1000cc,スポーツ＆ツアラー,189,4,2,128,https://www.bikebros.co.jp/catalog/3/999_99/,2026-09-05
スズキ,B-KING ビーキング,3,1190000,1308000,,,,1340,1001cc以上,ネイキッド＆ストリート,562,4.4,9,134,https://www.bikebros.co.jp/catalog/3/9_1/,2026-09-05
カワサキ,Ninja 1000・Z1000SX ニンジャ1000,95,583000,1490000,,,,1043,751～1000cc,スポーツ＆ツアラー,91,4.3,27,1656,https://www.bikebros.co.jp/catalog/4/100_1/,2026-09-05
カワサキ,Ninja H2（CARBON） ニンジャH2（カーボン）,15,4298000,10450000,,,,998,751～1000cc,スポーツ＆ツアラー,212,5,3,221,https://www.bikebros.co.jp/catalog/4/101_1/,2026-09-05
カワサキ,90SS,2,570000,671000,,,,89,51～125cc,ビジネスバイク＆ミニバイク,3665,0,0,2,https://www.bikebros.co.jp/catalog/4/13_1/,2026-09-05
カワサキ,AR50,2,497000,888800,,,,49,50cc以下,ビジネスバイク＆ミニバイク,837,5,4,20,https://www.bikebros.co.jp/catalog/4/16_1/,2026-09-05
カワサキ,D-TRACKER Dトラッカー,15,230000,859900,,,,249,126～250cc,オフロード＆モタード,170,3.9,41,566,https://www.bikebros.co.jp/catalog/4/22_1/,2026-09-05
カワサキ,D-TRACKER 125 Dトラッカー125,40,179000,407000,,,,124,51～125cc,ビジネスバイク＆ミニバイク,294,4.1,11,343,https://www.bikebros.co.jp/catalog/4/22_2/,2026-09-05
カワサキ,D-TRACKER X DトラッカーX,20,280000,598000,,,,249,126～250cc,オフロード＆モタード,329,4,3,339,https://www.bikebros.co.jp/catalog/4/22_3/,2026-09-05
カワサキ,ER-6f,2,398000,560000,,,,649,401～750cc,スポーツ＆ツアラー,379,4,7,101,https://www.bikebros.co.jp/catalog/4/24_2/,2026-09-05
カワサキ,ER-6n,5,289000,748000,,,,649,401～750cc,ネイキッド＆ストリート,452,4,9,93,https://www.bikebros.co.jp/catalog/4/24_3/,2026-09-05
カワサキ,ER-4n,10,230000,495000,,,,399,251～400cc,ネイキッド＆ストリート,1222,3.6,7,132,https://www.bikebros.co.jp/catalog/4/24_4/,2026-09-05
カワサキ,GPX400R,2,528000,698000,,,,398,251～400cc,スポーツ＆ツアラー,1835,3.5,2,13,https://www.bikebros.co.jp/catalog/4/27_2/,2026-09-05
カワサキ,GPX750R,3,228000,650000,,,,748,401～750cc,スポーツ＆ツアラー,2388,4.2,4,34,https://www.bikebros.co.jp/catalog/4/27_4/,2026-09-05
カワサキ,GPX250R,3,199900,450000,,,,248,126～250cc,スポーツ＆ツアラー,818,4,2,82,https://www.bikebros.co.jp/catalog/4/27_5/,2026-09-05
カワサキ,GPZ900R Ninja GPZ900Rニンジャ,112,519900,6820000,,,,908,751～1000cc,スポーツ＆ツアラー,46,4.4,40,1638,https://www.bikebros.co.jp/catalog/4/28_10/,2026-09-05
カワサキ,GPZ1100,21,228000,3500000,,,,1052,1001cc以上,スポーツ＆ツアラー,982,4.2,6,147,https://www.bikebros.co.jp/catalog/4/28_11/,2026-09-05
カワサキ,GPZ400F,7,1050000,1980000,,,,399,251～400cc,スポーツ＆ツアラー,624,4.5,2,101,https://www.bikebros.co.jp/catalog/4/28_14/,2026-09-05
カワサキ,GPZ400F2 GPZ400FⅡ,3,898000,1860000,,,,399,251～400cc,スポーツ＆ツアラー,1307,0,0,35,https://www.bikebros.co.jp/catalog/4/28_15/,2026-09-05
カワサキ,GPZ400R,8,480000,1788000,,,,398,251～400cc,スポーツ＆ツアラー,359,4,1,125,https://www.bikebros.co.jp/catalog/4/28_16/,2026-09-05
カワサキ,GPz750F,2,1540000,1688000,,,,738,401～750cc,スポーツ＆ツアラー,1146,0,0,29,https://www.bikebros.co.jp/catalog/4/28_18/,2026-09-05
カワサキ,GPz750R GPZ750R,3,510000,670000,,,,748,401～750cc,スポーツ＆ツアラー,3048,5,1,68,https://www.bikebros.co.jp/catalog/4/28_19/,2026-09-05
カワサキ,GPZ400,6,1050000,2230000,,,,399,251～400cc,スポーツ＆ツアラー,1223,4.5,11,22,https://www.bikebros.co.jp/catalog/4/28_3/,2026-09-05
カワサキ,GPZ550,4,1000000,1780000,,,,,401～750cc,スポーツ＆ツアラー,4074,0,0,5,https://www.bikebros.co.jp/catalog/4/28_5/,2026-09-05
カワサキ,GPZ750,6,1100000,2420000,,,,738,401～750cc,スポーツ＆ツアラー,1836,4,2,42,https://www.bikebros.co.jp/catalog/4/28_7/,2026-09-05
カワサキ,GPZ1000RX ニンジャ1000RX,4,380000,838000,,,,998,751～1000cc,スポーツ＆ツアラー,728,0,0,85,https://www.bikebros.co.jp/catalog/4/28_9/,2026-09-05
カワサキ,1400GTR・Concours14 1400GTR・コンコース14,9,660000,1380000,,,,1352,1001cc以上,スポーツ＆ツアラー,352,4.7,9,379,https://www.bikebros.co.jp/catalog/4/30_2/,2026-09-05
カワサキ,KDX250SR,2,538000,877800,,,,249,126～250cc,オフロード＆モタード,649,5,3,54,https://www.bikebros.co.jp/catalog/4/35_10/,2026-09-05
カワサキ,KDX220SR,4,249000,495000,,,,216,126～250cc,オフロード＆モタード,1224,4,1,70,https://www.bikebros.co.jp/catalog/4/35_7/,2026-09-05
カワサキ,KDX125SR,7,198000,407000,,,,124,51～125cc,オフロード＆モタード,166,4.9,8,245,https://www.bikebros.co.jp/catalog/4/35_8/,2026-09-05
カワサキ,KH250,20,1500000,6600000,,,,249,126～250cc,ネイキッド＆ストリート,891,4.3,3,74,https://www.bikebros.co.jp/catalog/4/37_3/,2026-09-05
カワサキ,KH400,19,1750000,4000000,,,,400,251～400cc,ネイキッド＆ストリート,1474,4.5,2,46,https://www.bikebros.co.jp/catalog/4/37_4/,2026-09-05
カワサキ,KH500,2,2200000,3300000,,,,498,401～750cc,ネイキッド＆ストリート,4533,0,0,6,https://www.bikebros.co.jp/catalog/4/37_5/,2026-09-05
カワサキ,KLE250 ANHELO KLE250アネーロ,7,169900,477000,,,,248,126～250cc,オフロード＆モタード,1004,4.2,4,75,https://www.bikebros.co.jp/catalog/4/38_1/,2026-09-05
カワサキ,KLE400,2,365000,438000,,,,398,251～400cc,オフロード＆モタード,1953,4,2,23,https://www.bikebros.co.jp/catalog/4/38_2/,2026-09-05
カワサキ,KLX125,25,268000,440000,,,,124,51～125cc,ビジネスバイク＆ミニバイク,200,4.3,19,535,https://www.bikebros.co.jp/catalog/4/40_11/,2026-09-05
カワサキ,KLX250,34,320000,699600,,,,249,126～250cc,オフロード＆モタード,65,4.4,28,716,https://www.bikebros.co.jp/catalog/4/40_3/,2026-09-05
カワサキ,KR-1,3,399000,999900,,,,249,126～250cc,スポーツ＆ツアラー,1595,3.6,3,10,https://www.bikebros.co.jp/catalog/4/44_1/,2026-09-05
カワサキ,KR250,3,899900,1299900,,,,249,126～250cc,スポーツ＆ツアラー,1308,4.1,6,32,https://www.bikebros.co.jp/catalog/4/46_2/,2026-09-05
カワサキ,KSR110,33,157300,352000,,,,111,51～125cc,オフロード＆モタード,165,4.3,34,417,https://www.bikebros.co.jp/catalog/4/49_2/,2026-09-05
カワサキ,KSR-Ⅱ KSR-2 （KSR80),18,248000,528000,,,,79,51～125cc,ネイキッド＆ストリート,347,4.5,12,416,https://www.bikebros.co.jp/catalog/4/49_3/,2026-09-05
カワサキ,KSR PRO KSR110プロ,2,280000,291500,,,,111,51～125cc,ネイキッド＆ストリート,729,4.8,4,70,https://www.bikebros.co.jp/catalog/4/49_4/,2026-09-05
カワサキ,KV75,3,570000,648000,,,,,51～125cc,ビジネスバイク＆ミニバイク,1475,4,2,3,https://www.bikebros.co.jp/catalog/4/50_1/,2026-09-05
カワサキ,KX250F,3,275000,448000,,,,249,126～250cc,オフロード＆モタード,1262,0,0,67,https://www.bikebros.co.jp/catalog/4/51_8/,2026-09-05
カワサキ,250TR,163,228000,987800,,,,249,126～250cc,ネイキッド＆ストリート,40,4,56,1177,https://www.bikebros.co.jp/catalog/4/54_2/,2026-09-05
カワサキ,VZ750 TWIN VZ750ツイン,2,490000,698000,,,,749,401～750cc,アメリカン＆クルーザー,3356,4,1,5,https://www.bikebros.co.jp/catalog/4/55_1/,2026-09-05
カワサキ,W1,5,1300000,3080000,,,,624,401～750cc,ネイキッド＆ストリート,793,4.5,2,11,https://www.bikebros.co.jp/catalog/4/56_1/,2026-09-05
カワサキ,W1S,5,788000,2280000,,,,624,401～750cc,ネイキッド＆ストリート,1476,0,0,56,https://www.bikebros.co.jp/catalog/4/56_2/,2026-09-05
カワサキ,W1SA,12,1140000,2890000,,,,624,401～750cc,ネイキッド＆ストリート,1838,0,0,87,https://www.bikebros.co.jp/catalog/4/56_3/,2026-09-05
カワサキ,650RS（W3）,23,1057000,3080000,,,,624,401～750cc,ネイキッド＆ストリート,838,4.5,2,86,https://www.bikebros.co.jp/catalog/4/59_1/,2026-09-05
カワサキ,W400,46,480000,998000,,,,399,251～400cc,ネイキッド＆ストリート,197,4.3,26,463,https://www.bikebros.co.jp/catalog/4/60_1/,2026-09-05
カワサキ,W650,92,374000,1788000,,,,675,401～750cc,ネイキッド＆ストリート,36,4.2,37,1174,https://www.bikebros.co.jp/catalog/4/60_2/,2026-09-05
カワサキ,W800 (STREET/CAFE) W800 (ストリート/カフェ),178,449900,1988000,1232000,1309000,66,773,751～1000cc,ネイキッド＆ストリート,20,4.4,20,1001,https://www.bikebros.co.jp/catalog/4/60_3/,2026-09-05
カワサキ,Z1-R,23,1760000,9958000,,,,,751～1000cc,ネイキッド＆ストリート,1358,0,0,148,https://www.bikebros.co.jp/catalog/4/61_1/,2026-09-05
カワサキ,Z1・900 SUPER4 Z1・900スーパー4,147,2000000,11000000,,,,,751～1000cc,ネイキッド＆ストリート,511,5,5,633,https://www.bikebros.co.jp/catalog/4/62_1/,2026-09-05
カワサキ,Z2・750RS Z2・750ロードスター,26,1050000,12000000,,,,746,401～750cc,ネイキッド＆ストリート,480,5,2,176,https://www.bikebros.co.jp/catalog/4/64_1/,2026-09-05
カワサキ,ZR-7,2,368000,498000,,,,738,401～750cc,ネイキッド＆ストリート,745,4.6,8,76,https://www.bikebros.co.jp/catalog/4/67_1/,2026-09-05
カワサキ,ZR-7S,7,454500,578000,,,,738,401～750cc,スポーツ＆ツアラー,431,4,2,63,https://www.bikebros.co.jp/catalog/4/67_2/,2026-09-05
カワサキ,ZRX ZRX400,107,598000,2199000,,,,399,251～400cc,ネイキッド＆ストリート,105,4.5,68,910,https://www.bikebros.co.jp/catalog/4/68_1/,2026-09-05
カワサキ,ZRX1100,41,499000,1551000,,,,1052,1001cc以上,ネイキッド＆ストリート,240,4.5,15,783,https://www.bikebros.co.jp/catalog/4/68_3/,2026-09-05
カワサキ,ZRX-Ⅱ ZRX400-Ⅱ,68,660000,1788000,,,,399,251～400cc,ネイキッド＆ストリート,156,5,2,698,https://www.bikebros.co.jp/catalog/4/68_5/,2026-09-05
カワサキ,ZRX1100-Ⅱ,4,598000,848000,,,,1052,1001cc以上,ネイキッド＆ストリート,892,5,1,72,https://www.bikebros.co.jp/catalog/4/68_6/,2026-09-05
カワサキ,ZRX1200R,80,550000,2610000,,,,1164,1001cc以上,ネイキッド＆ストリート,188,4,5,777,https://www.bikebros.co.jp/catalog/4/68_7/,2026-09-05
カワサキ,ZRX1200S,13,499900,1058000,,,,1164,1001cc以上,スポーツ＆ツアラー,1193,4,2,117,https://www.bikebros.co.jp/catalog/4/68_8/,2026-09-05
カワサキ,ZRX1200 DAEG ZRX1200ダエグ,151,728000,3630000,,,,1164,1001cc以上,ネイキッド＆ストリート,145,4.3,13,1581,https://www.bikebros.co.jp/catalog/4/68_9/,2026-09-05
カワサキ,ZXR250,13,299000,1195000,,,,249,126～250cc,スポーツ＆ツアラー,241,4.5,20,182,https://www.bikebros.co.jp/catalog/4/70_1/,2026-09-05
カワサキ,ZXR400,11,598000,1599900,,,,398,251～400cc,スポーツ＆ツアラー,390,4.4,13,201,https://www.bikebros.co.jp/catalog/4/70_2/,2026-09-05
カワサキ,Ninja ZX-6R ニンジャZX-6R,134,698000,1562000,1564000,1595000,85,636,401～750cc,スポーツ＆ツアラー,2,4.6,20,903,https://www.bikebros.co.jp/catalog/4/71_10/,2026-09-05
カワサキ,Ninja ZX-10RR ニンジャZX-10RR,9,1871000,3650000,,,,998,751～1000cc,スポーツ＆ツアラー,678,0,0,51,https://www.bikebros.co.jp/catalog/4/71_15/,2026-09-05
カワサキ,ZX-4,2,688000,803000,1210000,2000000,2,398,251～400cc,スポーツ＆ツアラー,910,4.6,5,36,https://www.bikebros.co.jp/catalog/4/71_2/,2026-09-05
カワサキ,Ninja ZX-10 ニンジャZX-10,2,418000,448000,,,,998,751～1000cc,スポーツ＆ツアラー,1414,4.2,5,148,https://www.bikebros.co.jp/catalog/4/71_4/,2026-09-05
カワサキ,Ninja ZX-10R ニンジャZX-10R,101,599000,3050000,,,,998,751～1000cc,スポーツ＆ツアラー,26,4.3,20,862,https://www.bikebros.co.jp/catalog/4/71_5/,2026-09-05
カワサキ,Ninja ZX-9R ニンジャZX-9R,3,600000,690000,,,,899,751～1000cc,スポーツ＆ツアラー,225,4.7,24,268,https://www.bikebros.co.jp/catalog/4/71_6/,2026-09-05
カワサキ,Ninja ZX-12R ニンジャZX-12R,24,380000,900000,,,,1199,1001cc以上,スポーツ＆ツアラー,317,4.4,44,477,https://www.bikebros.co.jp/catalog/4/71_8/,2026-09-05
カワサキ,ZZR250,16,128000,473000,,,,248,126～250cc,スポーツ＆ツアラー,242,4,46,487,https://www.bikebros.co.jp/catalog/4/72_1/,2026-09-05
カワサキ,ZZR400,18,148000,958000,,,,399,251～400cc,スポーツ＆ツアラー,103,4.5,56,658,https://www.bikebros.co.jp/catalog/4/72_2/,2026-09-05
カワサキ,ZZR1100,31,145000,1200000,,,,1052,1001cc以上,スポーツ＆ツアラー,236,4.4,32,835,https://www.bikebros.co.jp/catalog/4/72_4/,2026-09-05
カワサキ,ZZR1200,11,228000,528000,,,,1164,1001cc以上,スポーツ＆ツアラー,524,4.3,15,158,https://www.bikebros.co.jp/catalog/4/72_5/,2026-09-05
カワサキ,ZZR1400,33,540000,1365000,,,,1441,1001cc以上,スポーツ＆ツアラー,55,4.7,19,792,https://www.bikebros.co.jp/catalog/4/72_6/,2026-09-05
カワサキ,Ninja ZX-11 ニンジャZX-11,3,479900,679800,,,,1052,1001cc以上,スポーツ＆ツアラー,958,4.2,4,141,https://www.bikebros.co.jp/catalog/4/72_7/,2026-09-05
カワサキ,Ninja ZX-14 ニンジャZX-14,9,560000,1925000,,,,1352,1001cc以上,スポーツ＆ツアラー,730,5,11,276,https://www.bikebros.co.jp/catalog/4/72_8/,2026-09-05
カワサキ,Ninja ZX-14R ニンジャZX-14R,117,740000,2900000,,,,1441,1001cc以上,スポーツ＆ツアラー,71,4.6,31,1322,https://www.bikebros.co.jp/catalog/4/72_9/,2026-09-05
カワサキ,Z1100,2,1279000,1425600,1584000,1760000,23,1098.9,1001cc以上,ネイキッド＆ストリート,1359,0,0,20,https://www.bikebros.co.jp/catalog/4/73_10/,2026-09-05
カワサキ,Z1300,5,1529000,2992000,,,,,1001cc以上,ネイキッド＆ストリート,1072,4.5,2,57,https://www.bikebros.co.jp/catalog/4/73_11/,2026-09-05
カワサキ,Z800,11,555000,1012000,,,,806,751～1000cc,ネイキッド＆ストリート,364,4.4,8,157,https://www.bikebros.co.jp/catalog/4/73_12/,2026-09-05
カワサキ,Z250,110,198000,671000,550000,704000,64,248,126～250cc,ネイキッド＆ストリート,49,4.3,9,723,https://www.bikebros.co.jp/catalog/4/73_13/,2026-09-05
カワサキ,Z750Four Z750フォア,15,3200000,8910000,,,,746,401～750cc,ネイキッド＆ストリート,911,0,0,38,https://www.bikebros.co.jp/catalog/4/73_16/,2026-09-05
カワサキ,Z750FX,40,990000,12000000,,,,738,401～750cc,ネイキッド＆ストリート,401,4,1,120,https://www.bikebros.co.jp/catalog/4/73_17/,2026-09-05
カワサキ,Z750GP,12,769900,2365000,,,,738,401～750cc,ネイキッド＆ストリート,794,0,0,60,https://www.bikebros.co.jp/catalog/4/73_18/,2026-09-05
カワサキ,Z400,67,330000,1298000,638000,770000,70,398,251～400cc,ネイキッド＆ストリート,77,3.8,4,239,https://www.bikebros.co.jp/catalog/4/73_2/,2026-09-05
カワサキ,Z750RS,5,4000000,6500000,,,,,401～750cc,ネイキッド＆ストリート,2091,5,1,55,https://www.bikebros.co.jp/catalog/4/73_20/,2026-09-05
カワサキ,Z1000J,13,1050000,4380000,,,,998,751～1000cc,ネイキッド＆ストリート,2608,0,0,91,https://www.bikebros.co.jp/catalog/4/73_27/,2026-09-05
カワサキ,Z1000MK-Ⅱ,43,1480000,12650000,,,,1015,1001cc以上,ネイキッド＆ストリート,912,4,1,166,https://www.bikebros.co.jp/catalog/4/73_28/,2026-09-05
カワサキ,Z1000R,14,1830000,8310000,,,,,751～1000cc,ネイキッド＆ストリート,2235,0,0,77,https://www.bikebros.co.jp/catalog/4/73_30/,2026-09-05
カワサキ,Z1000ST,2,1300000,2350000,,,,,751～1000cc,ネイキッド＆ストリート,2236,4,1,12,https://www.bikebros.co.jp/catalog/4/73_32/,2026-09-05
カワサキ,Z250FT,11,928000,1576800,,,,248,126～250cc,ネイキッド＆ストリート,1536,2,1,59,https://www.bikebros.co.jp/catalog/4/73_35/,2026-09-05
カワサキ,Z250LTD,5,198000,598000,,,,248,126～250cc,アメリカン＆クルーザー,595,0,0,27,https://www.bikebros.co.jp/catalog/4/73_36/,2026-09-05
カワサキ,Z400FX,50,1580000,7199000,,,,399,251～400cc,ネイキッド＆ストリート,460,0,0,257,https://www.bikebros.co.jp/catalog/4/73_38/,2026-09-05
カワサキ,Z400GP,9,1220000,3710000,,,,399,251～400cc,ネイキッド＆ストリート,1148,5,2,80,https://www.bikebros.co.jp/catalog/4/73_39/,2026-09-05
カワサキ,Z500,20,770000,2680000,,,,,401～750cc,ネイキッド＆ストリート,2089,0,0,16,https://www.bikebros.co.jp/catalog/4/73_4/,2026-09-05
カワサキ,Z400J,24,1600000,3080000,,,,,251～400cc,ネイキッド＆ストリート,1839,0,0,45,https://www.bikebros.co.jp/catalog/4/73_40/,2026-09-05
カワサキ,Z400LTD,5,550000,1815000,,,,398,251～400cc,アメリカン＆クルーザー,819,5,1,12,https://www.bikebros.co.jp/catalog/4/73_41/,2026-09-05
カワサキ,Z550FX,19,1450000,3520000,,,,553,401～750cc,ネイキッド＆ストリート,984,0,0,33,https://www.bikebros.co.jp/catalog/4/73_46/,2026-09-05
カワサキ,Z550GP,15,897000,3410000,,,,,401～750cc,スポーツ＆ツアラー,3360,0,0,6,https://www.bikebros.co.jp/catalog/4/73_47/,2026-09-05
カワサキ,Z1100GP,4,1100000,2640000,,,,1089,1001cc以上,ネイキッド＆ストリート,1959,0,0,34,https://www.bikebros.co.jp/catalog/4/73_49/,2026-09-05
カワサキ,Z1100R,7,3740000,5750000,,,,1089,1001cc以上,ネイキッド＆ストリート,1738,0,0,32,https://www.bikebros.co.jp/catalog/4/73_50/,2026-09-05
カワサキ,Z250SL,14,180000,400000,,,,249,126～250cc,ネイキッド＆ストリート,444,0,0,101,https://www.bikebros.co.jp/catalog/4/73_53/,2026-09-05
カワサキ,Z125 PRO Z125プロ,97,198000,403700,,,,124,51～125cc,ネイキッド＆ストリート,207,4,5,434,https://www.bikebros.co.jp/catalog/4/73_54/,2026-09-05
カワサキ,Z650,55,548000,2640000,957000,1034000,11,649,401～750cc,ネイキッド＆ストリート,133,5,3,130,https://www.bikebros.co.jp/catalog/4/73_6/,2026-09-05
カワサキ,Z750,2,1320000,1980000,,,,748,401～750cc,ネイキッド＆ストリート,566,4.1,9,79,https://www.bikebros.co.jp/catalog/4/73_7/,2026-09-05
カワサキ,Z1000,95,398000,5800000,,,,1043,751～1000cc,ネイキッド＆ストリート,54,4.4,30,714,https://www.bikebros.co.jp/catalog/4/73_8/,2026-09-05
カワサキ,Z900,69,759900,4180000,,,,948,751～1000cc,ネイキッド＆ストリート,96,5,1,286,https://www.bikebros.co.jp/catalog/4/73_9/,2026-09-05
カワサキ,Versys 650 ヴェルシス650,15,484000,1399000,1100000,1166000,24,649,401～750cc,スポーツ＆ツアラー,179,4.7,9,134,https://www.bikebros.co.jp/catalog/4/74_1/,2026-09-05
カワサキ,Versys 1000 / SE ヴェルシス1000 / SE,8,750000,1789900,,,,1043,751～1000cc,スポーツ＆ツアラー,820,5,3,106,https://www.bikebros.co.jp/catalog/4/74_2/,2026-09-05
カワサキ,Versys-X 250/TOURER ヴェルシスX 250/ツアラー,33,368000,638000,,,,248,126～250cc,スポーツ＆ツアラー,201,4,2,284,https://www.bikebros.co.jp/catalog/4/74_5/,2026-09-05
カワサキ,ESTRELLA/RS/Custom エストレヤ/RS/カスタム,276,148000,999900,789000,1550000,3,249,126～250cc,ネイキッド＆ストリート,8,4.2,59,2044,https://www.bikebros.co.jp/catalog/4/75_1/,2026-09-05
カワサキ,ELIMINATOR エリミネーター125,19,138000,418000,,,,124,51～125cc,アメリカン＆クルーザー,227,4.5,12,202,https://www.bikebros.co.jp/catalog/4/77_1/,2026-09-05
カワサキ,ELIMINATOR 250V エリミネーター250V,59,238000,1270000,,,,249,126～250cc,アメリカン＆クルーザー,161,4.2,9,524,https://www.bikebros.co.jp/catalog/4/77_10/,2026-09-05
カワサキ,ELIMINATOR 400 LX エリミネーター400LX,4,178000,559000,,,,398,251～400cc,アメリカン＆クルーザー,1840,0,0,31,https://www.bikebros.co.jp/catalog/4/77_11/,2026-09-05
カワサキ,ELIMINATOR 400 SE エリミネーター400SE,68,329000,1036000,847000,975000,155,398,251～400cc,アメリカン＆クルーザー,136,2,1,291,https://www.bikebros.co.jp/catalog/4/77_12/,2026-09-05
カワサキ,ELIMINATOR 250 エリミネーター250,5,169000,318000,,,,248,126～250cc,アメリカン＆クルーザー,1360,4.3,32,54,https://www.bikebros.co.jp/catalog/4/77_3/,2026-09-05
カワサキ,ELIMINATOR 400 エリミネーター400,125,248000,1150000,740000,957000,182,398,251～400cc,アメリカン＆クルーザー,28,4.3,15,297,https://www.bikebros.co.jp/catalog/4/77_4/,2026-09-05
カワサキ,ELIMINATOR 750 エリミネーター750,4,298000,728000,,,,748,401～750cc,アメリカン＆クルーザー,1225,4.2,4,27,https://www.bikebros.co.jp/catalog/4/77_5/,2026-09-05
カワサキ,ELIMINATOR 250LX エリミネーター250LX,12,128000,498000,,,,248,126～250cc,アメリカン＆クルーザー,693,4,2,99,https://www.bikebros.co.jp/catalog/4/77_8/,2026-09-05
カワサキ,ELIMINATOR 250SE エリミネーター250SE,19,258000,659900,,,,248,126～250cc,アメリカン＆クルーザー,512,4.2,4,257,https://www.bikebros.co.jp/catalog/4/77_9/,2026-09-05
カワサキ,SUPER SHERPA スーパーシェルパ,22,268000,548000,,,,249,126～250cc,オフロード＆モタード,175,4.3,35,451,https://www.bikebros.co.jp/catalog/4/79_1/,2026-09-05
カワサキ,ZEPHYR ゼファー400,95,198000,5000000,,,,399,251～400cc,ネイキッド＆ストリート,158,4.6,96,873,https://www.bikebros.co.jp/catalog/4/80_1/,2026-09-05
カワサキ,ZEPHYR 550 ゼファー550,13,597000,1500000,,,,,401～750cc,ネイキッド＆ストリート,2803,5,1,10,https://www.bikebros.co.jp/catalog/4/80_2/,2026-09-05
カワサキ,ZEPHYR 750 ゼファー750,133,799900,3000000,,,,738,401～750cc,ネイキッド＆ストリート,61,4.5,59,1120,https://www.bikebros.co.jp/catalog/4/80_3/,2026-09-05
カワサキ,ZEPHYR 1100 ゼファー1100,152,549000,4500000,,,,1062,1001cc以上,ネイキッド＆ストリート,102,4.5,29,1080,https://www.bikebros.co.jp/catalog/4/80_4/,2026-09-05
カワサキ,ZEPHYR 1100RS ゼファー1100RS,27,1028000,3500000,,,,1062,1001cc以上,ネイキッド＆ストリート,894,5,4,191,https://www.bikebros.co.jp/catalog/4/80_5/,2026-09-05
カワサキ,ZEPHYR X ゼファー 400カイ,158,828000,2970000,4500000,5000000,3,399,251～400cc,ネイキッド＆ストリート,109,4.5,4,1218,https://www.bikebros.co.jp/catalog/4/80_6/,2026-09-05
カワサキ,ZEPHYR 750RS ゼファー750RS,21,980000,2500000,,,,738,401～750cc,ネイキッド＆ストリート,525,5,2,178,https://www.bikebros.co.jp/catalog/4/80_7/,2026-09-05
カワサキ,BALIUS バリオス,85,198000,750000,,,,249,126～250cc,ネイキッド＆ストリート,220,4,54,895,https://www.bikebros.co.jp/catalog/4/86_1/,2026-09-05
カワサキ,BALIUS Ⅱ バリオス2,128,360000,1150800,,,,249,126～250cc,ネイキッド＆ストリート,80,4.4,56,1211,https://www.bikebros.co.jp/catalog/4/86_2/,2026-09-05
カワサキ,VULCAN 400 バルカン400,14,238000,1046000,,,,399,251～400cc,アメリカン＆クルーザー,650,4.5,9,213,https://www.bikebros.co.jp/catalog/4/87_1/,2026-09-05
カワサキ,VULCAN 1500 DRIFTER バルカン1500ドリフター,4,800000,1100000,,,,1470,1001cc以上,アメリカン＆クルーザー,1670,4.7,3,18,https://www.bikebros.co.jp/catalog/4/87_12/,2026-09-05
カワサキ,VN2000・VULCAN 2000 VN2000・バルカン2000,3,1210000,1600000,,,,2053,1001cc以上,アメリカン＆クルーザー,625,4,2,43,https://www.bikebros.co.jp/catalog/4/87_18/,2026-09-05
カワサキ,VN1700 VOYAGER VN1700ボイジャー,2,1320000,1780000,,,,1700,1001cc以上,アメリカン＆クルーザー,1960,0,0,10,https://www.bikebros.co.jp/catalog/4/87_19/,2026-09-05
カワサキ,VULCAN 400 CLASSIC バルカン400クラシック,59,495000,1196000,,,,399,251～400cc,アメリカン＆クルーザー,432,4.5,16,309,https://www.bikebros.co.jp/catalog/4/87_2/,2026-09-05
カワサキ,VULCAN 400-Ⅱ バルカン400-2,28,399000,898000,,,,399,251～400cc,アメリカン＆クルーザー,1537,5,1,77,https://www.bikebros.co.jp/catalog/4/87_20/,2026-09-05
カワサキ,VULCAN S バルカンS,13,638000,828000,,,,649,401～750cc,アメリカン＆クルーザー,78,4,1,197,https://www.bikebros.co.jp/catalog/4/87_25/,2026-09-05
カワサキ,VULCAN 400 DRIFTER バルカン400ドリフター,24,450000,998100,,,,399,251～400cc,アメリカン＆クルーザー,492,4.6,10,162,https://www.bikebros.co.jp/catalog/4/87_3/,2026-09-05
カワサキ,VULCAN 800 CLASSIC バルカン800クラシック,3,644000,800000,,,,,751～1000cc,アメリカン＆クルーザー,2804,4.5,2,33,https://www.bikebros.co.jp/catalog/4/87_5/,2026-09-05
カワサキ,VULCAN 900 Custom バルカン900カスタム,3,700000,880000,,,,902,751～1000cc,アメリカン＆クルーザー,579,4.5,7,51,https://www.bikebros.co.jp/catalog/4/87_7/,2026-09-05
カワサキ,VULCAN 900 CLASSIC バルカン900クラシック,7,660000,998100,,,,902,751～1000cc,アメリカン＆クルーザー,596,4.6,15,118,https://www.bikebros.co.jp/catalog/4/87_8/,2026-09-05
カワサキ,250SS,14,1699900,4180000,,,,249,126～250cc,ネイキッド＆ストリート,1149,4.7,3,39,https://www.bikebros.co.jp/catalog/4/91_1/,2026-09-05
カワサキ,350SS,14,1650000,3740000,,,,346,251～400cc,ネイキッド＆ストリート,1538,4.3,3,41,https://www.bikebros.co.jp/catalog/4/91_2/,2026-09-05
カワサキ,400SS,12,1780000,3300000,,,,400,251～400cc,ネイキッド＆ストリート,1841,5,1,25,https://www.bikebros.co.jp/catalog/4/91_3/,2026-09-05
カワサキ,500SS MACHⅢ,32,1950000,6600000,,,,498,401～750cc,ネイキッド＆ストリート,731,4.7,3,95,https://www.bikebros.co.jp/catalog/4/91_4/,2026-09-05
カワサキ,750SS,27,3650000,7980000,,,,,401～750cc,ネイキッド＆ストリート,1671,4,5,74,https://www.bikebros.co.jp/catalog/4/91_5/,2026-09-05
カワサキ,MEGURO SG メグロSG,2,598000,850000,,,,,126～250cc,ネイキッド＆ストリート,1739,4,1,11,https://www.bikebros.co.jp/catalog/4/92_1/,2026-09-05
カワサキ,その他のモデル,6,250000,4950000,,,,,,その他のタイプ,4559,4.3,3,122,https://www.bikebros.co.jp/catalog/4/9999_1/,2026-09-05
カワサキ,KLX150L,2,261000,405900,,,,144,126～250cc,オフロード＆モタード,2616,0,0,2,https://www.bikebros.co.jp/catalog/4/999_102/,2026-09-05
カワサキ,Ninja ZX-25R SE ニンジャZX-25R SE,102,590000,1300000,828000,1025700,128,249,126～250cc,スポーツ＆ツアラー,73,4.5,4,584,https://www.bikebros.co.jp/catalog/4/999_103/,2026-09-05
カワサキ,KX250X,2,528000,890000,924000,1293000,6,249,126～250cc,オフロード＆モタード,662,0,0,5,https://www.bikebros.co.jp/catalog/4/999_106/,2026-09-05
カワサキ,MEGURO K3 メグロK3,38,898000,1250000,1397000,1419000,35,773,751～1000cc,ネイキッド＆ストリート,295,5,1,106,https://www.bikebros.co.jp/catalog/4/999_107/,2026-09-05
カワサキ,Z H2 SE,7,1758000,2480000,2299000,2475000,34,998,751～1000cc,ネイキッド＆ストリート,567,0,0,45,https://www.bikebros.co.jp/catalog/4/999_108/,2026-09-05
カワサキ,Z900RS,446,908000,3520000,1485000,2172300,50,948,751～1000cc,ネイキッド＆ストリート,15,4.6,5,1999,https://www.bikebros.co.jp/catalog/4/999_11/,2026-09-05
カワサキ,Z900RS SE,65,1450000,4450000,,,,948,751～1000cc,ネイキッド＆ストリート,270,0,0,98,https://www.bikebros.co.jp/catalog/4/999_113/,2026-09-05
カワサキ,Z900 SE,10,857000,1849900,1650000,1661000,7,948,751～1000cc,ネイキッド＆ストリート,382,0,0,15,https://www.bikebros.co.jp/catalog/4/999_114/,2026-09-05
カワサキ,Z650RS,79,688000,1280000,1089000,1111000,41,649,401～750cc,ネイキッド＆ストリート,33,0,0,172,https://www.bikebros.co.jp/catalog/4/999_115/,2026-09-05
カワサキ,KLX230 S,19,388000,591800,475000,616100,152,232,126～250cc,オフロード＆モタード,764,0,0,12,https://www.bikebros.co.jp/catalog/4/999_117/,2026-09-05
カワサキ,KLX230SM,24,428000,599900,530000,638000,129,232,126～250cc,オフロード＆モタード,311,0,0,34,https://www.bikebros.co.jp/catalog/4/999_118/,2026-09-05
カワサキ,Ninja ZX-10R SE ニンジャZX-10R SE,4,1530000,1899900,,,,998,751～1000cc,スポーツ＆ツアラー,1672,0,0,35,https://www.bikebros.co.jp/catalog/4/999_12/,2026-09-05
カワサキ,Ninja ZX-4R SE ニンジャZX-4R SE,53,888000,1250000,1048000,1177000,170,399,251～400cc,スポーツ＆ツアラー,83,0,0,152,https://www.bikebros.co.jp/catalog/4/999_120/,2026-09-05
カワサキ,Ninja ZX-4RR ニンジャZX-4RR,48,899900,1390000,1083000,1210000,114,399,251～400cc,スポーツ＆ツアラー,173,0,0,144,https://www.bikebros.co.jp/catalog/4/999_121/,2026-09-05
カワサキ,Ninja e-1 ニンジャ e-1,3,678000,794000,968000,1067000,12,,51～125cc,スポーツ＆ツアラー,554,0,0,0,https://www.bikebros.co.jp/catalog/4/999_125/,2026-09-05
カワサキ,Ninja 7 Hybrid ニンジャ7ハイブリッド,17,893000,1498000,1500000,1848000,13,451,401～750cc,スポーツ＆ツアラー,959,0,0,1,https://www.bikebros.co.jp/catalog/4/999_127/,2026-09-05
カワサキ,W230,65,488000,643500,538200,666000,249,232,126～250cc,ネイキッド＆ストリート,159,0,0,52,https://www.bikebros.co.jp/catalog/4/999_128/,2026-09-05
カワサキ,MEGURO S1 メグロS1,37,548000,770000,592200,743000,130,232,126～250cc,ネイキッド＆ストリート,206,0,0,41,https://www.bikebros.co.jp/catalog/4/999_129/,2026-09-05
カワサキ,Z7 Hybrid Z7ハイブリッド,6,985900,1331000,,,,451,401～750cc,ネイキッド＆ストリート,2404,0,0,0,https://www.bikebros.co.jp/catalog/4/999_130/,2026-09-05
カワサキ,Ninja 500 / SE ニンジャ500 / SE,4,792000,849000,,,,451,401～750cc,スポーツ＆ツアラー,526,0,0,0,https://www.bikebros.co.jp/catalog/4/999_131/,2026-09-05
カワサキ,KLX230 SHERPA KLX230シェルパ,76,428000,638000,498000,660000,103,232,126～250cc,オフロード＆モタード,637,0,0,23,https://www.bikebros.co.jp/catalog/4/999_133/,2026-09-05
カワサキ,Versys 1100 SE ヴェルシス1100 SE,6,1848000,2046000,2090000,2123300,33,1098.9,1001cc以上,スポーツ＆ツアラー,1480,0,0,2,https://www.bikebros.co.jp/catalog/4/999_134/,2026-09-05
カワサキ,Ninja 1100SX ニンジャ1100SX,28,1490000,1738000,1770000,1782000,49,1098.9,1001cc以上,スポーツ＆ツアラー,404,0,0,19,https://www.bikebros.co.jp/catalog/4/999_135/,2026-09-05
カワサキ,Ninja 1100SX SE ニンジャ1100SX SE,16,1588000,1980000,1980000,1991000,68,1098.9,1001cc以上,スポーツ＆ツアラー,821,4,1,19,https://www.bikebros.co.jp/catalog/4/999_136/,2026-09-05
カワサキ,KLX230 SHERPA S KLX230シェルパS,15,475100,678000,522500,660000,153,232,126～250cc,オフロード＆モタード,1007,0,0,3,https://www.bikebros.co.jp/catalog/4/999_139/,2026-09-05
カワサキ,Z1100 SE,4,1595000,1661000,,,,1098.9,1001cc以上,ネイキッド＆ストリート,1540,0,0,2,https://www.bikebros.co.jp/catalog/4/999_141/,2026-09-05
カワサキ,Z1000LTD Z1000リミテッド,20,1600000,4730000,,,,998,751～1000cc,スポーツ＆ツアラー,1961,0,0,40,https://www.bikebros.co.jp/catalog/4/999_34/,2026-09-05
カワサキ,Z1000P/POLICE 1000 ポリス1000,2,1440000,2480000,,,,998,751～1000cc,スポーツ＆ツアラー,2242,0,0,14,https://www.bikebros.co.jp/catalog/4/999_35/,2026-09-05
カワサキ,Z900RS CAFE Z900RSカフェ,125,988000,1619000,1518000,1540000,44,948,751～1000cc,ネイキッド＆ストリート,203,0,0,365,https://www.bikebros.co.jp/catalog/4/999_36/,2026-09-05
カワサキ,Ninja H2 SX ニンジャH2 SX,6,1698000,2398000,,,,998,751～1000cc,スポーツ＆ツアラー,679,4,1,83,https://www.bikebros.co.jp/catalog/4/999_37/,2026-09-05
カワサキ,Ninja H2 SX SE/+ ニンジャH2 SX SE/+,15,1588000,2849000,,,,998,751～1000cc,スポーツ＆ツアラー,68,4.5,4,287,https://www.bikebros.co.jp/catalog/4/999_38/,2026-09-05
カワサキ,Z1-RⅡ,5,4400000,7700000,,,,,751～1000cc,ネイキッド＆ストリート,2094,0,0,12,https://www.bikebros.co.jp/catalog/4/999_4/,2026-09-05
カワサキ,W175/SE,15,229800,396000,297000,449000,28,177,126～250cc,ネイキッド＆ストリート,795,0,0,57,https://www.bikebros.co.jp/catalog/4/999_77/,2026-09-05
カワサキ,Ninja150RR ニンジャ150RR,3,598000,649000,,,,149,126～250cc,スポーツ＆ツアラー,1265,0,0,10,https://www.bikebros.co.jp/catalog/4/999_78/,2026-09-05
カワサキ,Z125,1,230000,293000,,,,124.6,51～125cc,ネイキッド＆ストリート,934,0,0,71,https://www.bikebros.co.jp/catalog/4/999_85/,2026-09-05
カワサキ,KLX230,23,329900,568000,416200,682000,38,232,126～250cc,オフロード＆モタード,289,4,1,50,https://www.bikebros.co.jp/catalog/4/999_95/,2026-09-05
カワサキ,Z H2,14,1489900,2180000,2057000,2475000,7,998,751～1000cc,ネイキッド＆ストリート,502,4,1,123,https://www.bikebros.co.jp/catalog/4/999_97/,2026-09-05
カワサキ,Ninja ZX-25R ニンジャZX-25R,38,594000,938000,950200,1090000,5,249,126～250cc,スポーツ＆ツアラー,157,0,0,306,https://www.bikebros.co.jp/catalog/4/999_98/,2026-09-05
カワサキ,Ninja 1000SX ニンジャ1000SX,80,968000,1498000,,,,1043,751～1000cc,スポーツ＆ツアラー,250,0,0,561,https://www.bikebros.co.jp/catalog/4/999_99/,2026-09-05
カワサキ,Ninja 250R ニンジャ250R,69,118000,358000,,,,248,126～250cc,スポーツ＆ツアラー,115,4.2,52,1400,https://www.bikebros.co.jp/catalog/4/99_1/,2026-09-05
カワサキ,Ninja 250SL ニンジャ250SL,30,188000,448800,,,,249,126～250cc,スポーツ＆ツアラー,171,4.3,13,408,https://www.bikebros.co.jp/catalog/4/99_10/,2026-09-05
カワサキ,Ninja 400R ニンジャ400R,18,249000,448000,,,,399,251～400cc,スポーツ＆ツアラー,402,4,22,683,https://www.bikebros.co.jp/catalog/4/99_2/,2026-09-05
カワサキ,Ninja 650 ニンジャ650,68,444000,1050000,1067000,1078000,41,649,401～750cc,スポーツ＆ツアラー,18,4.6,9,539,https://www.bikebros.co.jp/catalog/4/99_4/,2026-09-05
カワサキ,Ninja 250 ニンジャ250,220,228000,682000,598000,726000,110,248,126～250cc,スポーツ＆ツアラー,7,4.4,22,3087,https://www.bikebros.co.jp/catalog/4/99_6/,2026-09-05
カワサキ,Ninja 400 ニンジャ400,217,317000,876000,680900,814000,55,398,251～400cc,スポーツ＆ツアラー,5,4.5,10,2350,https://www.bikebros.co.jp/catalog/4/99_8/,2026-09-05
カワサキ,750Turbo 750ターボ・Z750ターボ,10,880000,3800000,,,,738,401～750cc,スポーツ＆ツアラー,1002,4,1,29,https://www.bikebros.co.jp/catalog/4/9_1/,2026-09-05
ハーレーダビッドソン,FLSS Softail Slim S FLSS ソフテイルスリムS,31,1388000,2588000,,,,1801,,アメリカン＆クルーザー,2817,0,0,61,https://www.bikebros.co.jp/catalog/5/10_1/,2026-09-05
ハーレーダビッドソン,FXDLS Lowrider S FXDLS ローライダーS,19,2288000,3348000,,,,1801,,アメリカン＆クルーザー,2248,4.5,2,72,https://www.bikebros.co.jp/catalog/5/10_2/,2026-09-05
ハーレーダビッドソン,FLSTFBS Fat Boy S FLSTFBS ファットボーイS,7,1798000,2180000,,,,1801,,アメリカン＆クルーザー,2818,5,1,51,https://www.bikebros.co.jp/catalog/5/10_3/,2026-09-05
ハーレーダビッドソン,CVO FXSE Pro Street Breakout CVO FXSE プロストリートブレイクアウト,18,2092000,2970000,,,,1802.57,,アメリカン＆クルーザー,3374,0,0,40,https://www.bikebros.co.jp/catalog/5/11_1/,2026-09-05
ハーレーダビッドソン,CVO FLHTKSE Limited CVO FLHTKSE リミテッド,8,2400000,4580000,,,,1923,,アメリカン＆クルーザー,1011,0,0,49,https://www.bikebros.co.jp/catalog/5/11_2/,2026-09-05
ハーレーダビッドソン,CVO FLHXSE Street Glide CVO FLHXSE ストリートグライド,31,1675000,5400000,,,,1977,,アメリカン＆クルーザー,1484,0,0,135,https://www.bikebros.co.jp/catalog/5/11_3/,2026-09-05
ハーレーダビッドソン,CVO FLTRUSE Road Glide Ultra CVO FLTRUSE ロードグライドウルトラ,6,2000000,2800000,,,,1801,,アメリカン＆クルーザー,1843,0,0,20,https://www.bikebros.co.jp/catalog/5/11_4/,2026-09-05
ハーレーダビッドソン,FXST Softail Standard FXST ソフテイルスタンダード,41,1034000,2750000,,,,1746,,アメリカン＆クルーザー,766,5,1,206,https://www.bikebros.co.jp/catalog/5/1_1/,2026-09-05
ハーレーダビッドソン,FLSTC Heritage Softail Classic FLSTC ヘリテイジソフテイルクラシック,133,798000,3080000,,,,1689,,アメリカン＆クルーザー,555,4.4,7,668,https://www.bikebros.co.jp/catalog/5/1_10/,2026-09-05
ハーレーダビッドソン,FLSTF Fatboy FLSTF ファットボーイ,98,850000,4980000,,,,1689,,アメリカン＆クルーザー,663,4.4,7,564,https://www.bikebros.co.jp/catalog/5/1_11/,2026-09-05
ハーレーダビッドソン,FLSTN Softail Deluxe FLSTN ソフテイルデラックス,31,950000,2200000,,,,1689,,アメリカン＆クルーザー,935,5,1,187,https://www.bikebros.co.jp/catalog/5/1_12/,2026-09-05
ハーレーダビッドソン,FLSTS Heritage Springer FLSTS ヘリテイジスプリンガー,44,1595000,3400000,,,,,,アメリカン＆クルーザー,2244,0,0,128,https://www.bikebros.co.jp/catalog/5/1_13/,2026-09-05
ハーレーダビッドソン,FLSTSB Cross Bones FLSTSB クロスボーンズ,11,1300000,3480000,,,,1584,,アメリカン＆クルーザー,1418,4.5,2,95,https://www.bikebros.co.jp/catalog/5/1_14/,2026-09-05
ハーレーダビッドソン,FLSTSC Springer Classic FLSTSC スプリンガークラシック,10,1270000,3600000,,,,1584,,アメリカン＆クルーザー,1740,4,1,56,https://www.bikebros.co.jp/catalog/5/1_15/,2026-09-05
ハーレーダビッドソン,FLSTFB Fatboy Lo FLSTFB ファットボーイロー,34,980000,1870000,,,,1689,,アメリカン＆クルーザー,2245,3.5,2,152,https://www.bikebros.co.jp/catalog/5/1_18/,2026-09-05
ハーレーダビッドソン,FXS Black Line FXS ブラックライン,10,1000000,3150000,,,,1584,,アメリカン＆クルーザー,3684,3,1,63,https://www.bikebros.co.jp/catalog/5/1_19/,2026-09-05
ハーレーダビッドソン,FXSTB Night Train FXSTB ナイトトレイン,26,1200000,3080000,,,,1584,,アメリカン＆クルーザー,2405,5,1,102,https://www.bikebros.co.jp/catalog/5/1_2/,2026-09-05
ハーレーダビッドソン,FLS Softail Slim FLS ソフテイルスリム,25,1121000,1798000,,,,1689,,アメリカン＆クルーザー,1675,4.2,4,102,https://www.bikebros.co.jp/catalog/5/1_20/,2026-09-05
ハーレーダビッドソン,FXSB Breakout FXSB ブレイクアウト,96,1580000,3800500,,,,1689,,ネイキッド＆ストリート,638,0,0,245,https://www.bikebros.co.jp/catalog/5/1_21/,2026-09-05
ハーレーダビッドソン,CVO FXSBSE Breakout CVO FXSBSE ブレイクアウト,11,2000000,3450000,,,,1801,,アメリカン＆クルーザー,2407,5,2,43,https://www.bikebros.co.jp/catalog/5/1_22/,2026-09-05
ハーレーダビッドソン,CVO FLSTSE3 Softail Convertible CVO FLSTSE3 ソフテイルコンバーチブル,4,1561000,1749000,,,,1801,,アメリカン＆クルーザー,4089,0,0,9,https://www.bikebros.co.jp/catalog/5/1_25/,2026-09-05
ハーレーダビッドソン,CVO FLSTNSE Softail Deluxe CVO FLSTNSE ソフテイルデラックス,3,1750000,1892000,,,,1801,,アメリカン＆クルーザー,2813,0,0,19,https://www.bikebros.co.jp/catalog/5/1_26/,2026-09-05
ハーレーダビッドソン,FXSTC Softail Custom FXSTC ソフテイルカスタム,44,1000000,2970000,,,,1584,,アメリカン＆クルーザー,1040,4.6,5,263,https://www.bikebros.co.jp/catalog/5/1_3/,2026-09-05
ハーレーダビッドソン,FXSTD Softail Deuce FXSTD ソフテイルデュース,14,1190000,2480000,,,,1584,,アメリカン＆クルーザー,1266,0,0,73,https://www.bikebros.co.jp/catalog/5/1_4/,2026-09-05
ハーレーダビッドソン,FXSTS Springer Softail FXSTS スプリンガーソフテイル,29,1595000,3168000,,,,1449,,アメリカン＆クルーザー,1074,5,1,146,https://www.bikebros.co.jp/catalog/5/1_5/,2026-09-05
ハーレーダビッドソン,FXSTSB Badboy FXSTSB バットボーイ,6,2068000,2948000,,,,,,アメリカン＆クルーザー,2406,5,1,28,https://www.bikebros.co.jp/catalog/5/1_6/,2026-09-05
ハーレーダビッドソン,FXCW Softail Rocker FXCW ソフテイルロッカー,6,1300000,4378000,,,,1584,,アメリカン＆クルーザー,2618,5,1,11,https://www.bikebros.co.jp/catalog/5/1_7/,2026-09-05
ハーレーダビッドソン,FXCWC Softail Rocker C FXCWC ソフテイルロッカーC,25,1220000,2500000,,,,1584,,アメリカン＆クルーザー,3367,4,1,63,https://www.bikebros.co.jp/catalog/5/1_8/,2026-09-05
ハーレーダビッドソン,FXD Dyna Super Glide FXD ダイナ スーパーグライド,20,750000,2500000,,,,1584,,アメリカン＆クルーザー,797,4.1,8,200,https://www.bikebros.co.jp/catalog/5/2_1/,2026-09-05
ハーレーダビッドソン,FLD Dyna Switchback FLD ダイナ スイッチバック,12,950000,1350000,,,,1584,,アメリカン＆クルーザー,1483,4.3,3,103,https://www.bikebros.co.jp/catalog/5/2_10/,2026-09-05
ハーレーダビッドソン,FXDBA Dyna Street Bob Limited FXDBA ダイナ ストリートボブリミテッド,4,880000,1430000,,,,1584,,アメリカン＆クルーザー,3685,4,1,11,https://www.bikebros.co.jp/catalog/5/2_11/,2026-09-05
ハーレーダビッドソン,CVO FXDFSE2 Fat Bob CVO FXDFSE2 ファットボブ,2,1598000,1650000,,,,1584,,アメリカン＆クルーザー,5052,0,0,4,https://www.bikebros.co.jp/catalog/5/2_12/,2026-09-05
ハーレーダビッドソン,FXDBC Dyna Street Bob Special FXDBC ダイナ ストリートボブスペシャル,2,1630000,1890000,,,,1584,,アメリカン＆クルーザー,3687,0,0,14,https://www.bikebros.co.jp/catalog/5/2_15/,2026-09-05
ハーレーダビッドソン,FXDB Dyna Street Bob FXDB ダイナ ストリートボブ,41,850000,2200000,,,,1690,,アメリカン＆クルーザー,626,4.5,2,384,https://www.bikebros.co.jp/catalog/5/2_2/,2026-09-05
ハーレーダビッドソン,FXDC Dyna Super Glide Custom FXDC ダイナ スーパーグライドカスタム,17,880000,1880000,,,,1584,,アメリカン＆クルーザー,1482,4,1,121,https://www.bikebros.co.jp/catalog/5/2_3/,2026-09-05
ハーレーダビッドソン,FXDF Dyna Fat Bob FXDF ダイナ ファットボブ,7,880000,1248000,,,,1690,,アメリカン＆クルーザー,1041,4,1,113,https://www.bikebros.co.jp/catalog/5/2_4/,2026-09-05
ハーレーダビッドソン,FXDL Dyna Lowrider FXDL ダイナ ローライダー,149,798000,3300000,,,,1689,,アメリカン＆クルーザー,234,4.2,18,948,https://www.bikebros.co.jp/catalog/5/2_5/,2026-09-05
ハーレーダビッドソン,FXDWG Dyna Wide Glide FXDWG ダイナ ワイドグライド,19,1029900,1595000,,,,1690,,アメリカン＆クルーザー,798,4,2,224,https://www.bikebros.co.jp/catalog/5/2_6/,2026-09-05
ハーレーダビッドソン,FXDX Dyna Super Glide Sport FXDX ダイナ スーパーグライドスポーツ,4,1300000,2600000,,,,1449,,アメリカン＆クルーザー,2814,0,0,91,https://www.bikebros.co.jp/catalog/5/2_7/,2026-09-05
ハーレーダビッドソン,Sportster XL883 スポーツスター XL883,20,649000,1680000,,,,883,,ネイキッド＆ストリート,405,4.2,13,511,https://www.bikebros.co.jp/catalog/5/3_1/,2026-09-05
ハーレーダビッドソン,Sportster XR1200 スポーツスター XR1200,14,680000,1240000,,,,1202,,ネイキッド＆ストリート,895,4.3,6,95,https://www.bikebros.co.jp/catalog/5/3_10/,2026-09-05
ハーレーダビッドソン,Sportster XL50 50th Anniversary XL50 スポーツスター50周年記念,3,900000,1155000,,,,1202,,ネイキッド＆ストリート,3688,0,0,14,https://www.bikebros.co.jp/catalog/5/3_11/,2026-09-05
ハーレーダビッドソン,Sportster XL1200S Sport スポーツスター XL1200S スポーツ,44,678000,2310000,,,,,,ネイキッド＆ストリート,597,4.4,7,304,https://www.bikebros.co.jp/catalog/5/3_12/,2026-09-05
ハーレーダビッドソン,Sportster XL883N Iron883 スポーツスター XL883N アイアン883,217,890000,2550000,,,,883,,ネイキッド＆ストリート,264,4.3,17,876,https://www.bikebros.co.jp/catalog/5/3_15/,2026-09-05
ハーレーダビッドソン,Sportster XR1200X スポーツスター XR1200X,5,681000,1500000,,,,1202,,ネイキッド＆ストリート,1676,4.8,4,51,https://www.bikebros.co.jp/catalog/5/3_16/,2026-09-05
ハーレーダビッドソン,Sportster XL1200X Forty-Eight スポーツスター XL1200X フォーティエイト,295,899000,3300000,,,,1202,,ネイキッド＆ストリート,348,4.4,10,1193,https://www.bikebros.co.jp/catalog/5/3_17/,2026-09-05
ハーレーダビッドソン,Sportster XL1200V Seventy-Two スポーツスター XL1200V セブンティーツー,36,1150000,2090000,,,,,,ネイキッド＆ストリート,1541,5,1,144,https://www.bikebros.co.jp/catalog/5/3_18/,2026-09-05
ハーレーダビッドソン,Sportster XL883H スポーツスター XL883H,2,1000000,1590000,,,,883,,ネイキッド＆ストリート,3689,0,0,18,https://www.bikebros.co.jp/catalog/5/3_19/,2026-09-05
ハーレーダビッドソン,Sportster XL883C スポーツスター XL883C,4,1270000,1830000,,,,883,,ネイキッド＆ストリート,2620,4,2,57,https://www.bikebros.co.jp/catalog/5/3_2/,2026-09-05
ハーレーダビッドソン,Sportster XLH1200 スポーツスター XLH1200,16,1280000,2805000,,,,,,ネイキッド＆ストリート,1542,4,1,67,https://www.bikebros.co.jp/catalog/5/3_20/,2026-09-05
ハーレーダビッドソン,Sportster XLH1200C スポーツスター XLH1200C,3,980000,1148000,,,,,,ネイキッド＆ストリート,3690,0,0,34,https://www.bikebros.co.jp/catalog/5/3_21/,2026-09-05
ハーレーダビッドソン,Sportster XL1200CA Limited スポーツスター XL1200CA リミテッド,4,880000,1158000,,,,1201,,ネイキッド＆ストリート,2621,5,1,36,https://www.bikebros.co.jp/catalog/5/3_22/,2026-09-05
ハーレーダビッドソン,Sportster XL1200CB Limited スポーツスター XL1200CB リミテッド,3,1000000,1375000,,,,1201,,ネイキッド＆ストリート,3691,0,0,34,https://www.bikebros.co.jp/catalog/5/3_23/,2026-09-05
ハーレーダビッドソン,Sportster XLH883 スポーツスター XLH883,46,920000,2500000,,,,883,,ネイキッド＆ストリート,2099,0,0,172,https://www.bikebros.co.jp/catalog/5/3_24/,2026-09-05
ハーレーダビッドソン,Sportster XL1200T Super Low スポーツスター XL1200T スーパーロー,11,1098000,1398000,,,,1201,,ネイキッド＆ストリート,2815,5,1,24,https://www.bikebros.co.jp/catalog/5/3_26/,2026-09-05
ハーレーダビッドソン,Sportster XL1200CX Roadster スポーツスター XL1200CX ロードスター,52,1180000,2150000,,,,1202,,ネイキッド＆ストリート,546,0,0,206,https://www.bikebros.co.jp/catalog/5/3_27/,2026-09-05
ハーレーダビッドソン,Sportster XL883L Super Low スポーツスター XL883L スーパーロー,23,649000,1100000,,,,883,,ネイキッド＆ストリート,868,4.2,10,254,https://www.bikebros.co.jp/catalog/5/3_3/,2026-09-05
ハーレーダビッドソン,Sportster XL883R スポーツスター XL883R,69,635000,3000000,,,,883,,ネイキッド＆ストリート,767,4.7,7,496,https://www.bikebros.co.jp/catalog/5/3_4/,2026-09-05
ハーレーダビッドソン,Sportster XLH883H Hugger スポーツスター XLH883H ハガー,9,898000,1750000,,,,883,,ネイキッド＆ストリート,2246,4.5,2,23,https://www.bikebros.co.jp/catalog/5/3_5/,2026-09-05
ハーレーダビッドソン,Sportster XL1200R スポーツスター XL1200R,27,700000,1799900,,,,1202,,ネイキッド＆ストリート,383,4.2,11,435,https://www.bikebros.co.jp/catalog/5/3_6/,2026-09-05
ハーレーダビッドソン,Sportster XL1200C Custom スポーツスター XL1200C カスタム,24,858000,1898000,,,,1202,,ネイキッド＆ストリート,1008,4.2,5,345,https://www.bikebros.co.jp/catalog/5/3_7/,2026-09-05
ハーレーダビッドソン,Sportster XL1200L Low スポーツスター XL1200L ロー,34,698000,1601000,,,,1202,,ネイキッド＆ストリート,1311,4.4,9,309,https://www.bikebros.co.jp/catalog/5/3_8/,2026-09-05
ハーレーダビッドソン,Sportster XL1200N Night Ster スポーツスター XL1200N ナイトスター,30,750000,1798000,,,,1202,,ネイキッド＆ストリート,1963,4.4,7,251,https://www.bikebros.co.jp/catalog/5/3_9/,2026-09-05
ハーレーダビッドソン,FLHR Road King FLHR ロードキング,30,790000,5000000,,,,1745,,アメリカン＆クルーザー,327,4.3,14,380,https://www.bikebros.co.jp/catalog/5/4_1/,2026-09-05
ハーレーダビッドソン,FLHTK Electra Glide Ultra Limited FLHTK エレクトラグライドウルトラリミテッド,14,1490000,4500000,,,,1868,,アメリカン＆クルーザー,746,4,2,67,https://www.bikebros.co.jp/catalog/5/4_12/,2026-09-05
ハーレーダビッドソン,FLTRX Road Glide FLTRX ロードグライド,18,1680000,3880000,,,,1923,,アメリカン＆クルーザー,1227,5,2,98,https://www.bikebros.co.jp/catalog/5/4_13/,2026-09-05
ハーレーダビッドソン,FLHPE Road King Police FLHPE ロードキングポリス,3,1290000,1880000,,,,,,アメリカン＆クルーザー,3368,0,0,14,https://www.bikebros.co.jp/catalog/5/4_14/,2026-09-05
ハーレーダビッドソン,FLTRU Road Glide Ultra FLTRU ロードグライドウルトラ,5,2288000,2800000,,,,1868,,アメリカン＆クルーザー,1964,0,0,43,https://www.bikebros.co.jp/catalog/5/4_15/,2026-09-05
ハーレーダビッドソン,CVO FLHXSE2 Street Glide CVO FLHXSE2 ストリートグライド,3,1851000,3450000,,,,1801,,アメリカン＆クルーザー,3369,0,0,27,https://www.bikebros.co.jp/catalog/5/4_18/,2026-09-05
ハーレーダビッドソン,CVO FLHTCUSE5 Electra Glide Ultra Classic CVO FLHTCUSE5 エレクトラグライドウルトラクラシック,3,1958000,3900000,,,,1801,,アメリカン＆クルーザー,4560,0,0,13,https://www.bikebros.co.jp/catalog/5/4_19/,2026-09-05
ハーレーダビッドソン,FLHRC Road King Classic FLHRC ロードキングクラシック,15,979000,1595000,,,,1449,,アメリカン＆クルーザー,2408,4.7,3,104,https://www.bikebros.co.jp/catalog/5/4_2/,2026-09-05
ハーレーダビッドソン,CVO FLHTCUSE7 Electra Glide Ultra Classic CVO FLHTCUSE7 エレクトラグライドウルトラクラシック,3,1280000,1800000,,,,1801,,アメリカン＆クルーザー,2816,0,0,4,https://www.bikebros.co.jp/catalog/5/4_25/,2026-09-05
ハーレーダビッドソン,CVO FLTRXSE Road Glide Custom CVO FLTRXSE ロードグライドカスタム,9,2050000,7480000,,,,1801,,アメリカン＆クルーザー,2622,0,0,11,https://www.bikebros.co.jp/catalog/5/4_27/,2026-09-05
ハーレーダビッドソン,CVO FLHRSE5 Road King CVO FLHRSE5 ロードキング,2,1969000,2000000,,,,1801,,アメリカン＆クルーザー,3370,0,0,15,https://www.bikebros.co.jp/catalog/5/4_28/,2026-09-05
ハーレーダビッドソン,FLHRS Road King Custom FLHRS ロードキングカスタム,9,950000,1580000,,,,1584,,アメリカン＆クルーザー,3062,4.3,3,60,https://www.bikebros.co.jp/catalog/5/4_3/,2026-09-05
ハーレーダビッドソン,FLTRXS Road Glide Special FLTRXS ロードグライドスペシャル,48,1683000,5350000,,,,1868,,アメリカン＆クルーザー,503,0,0,135,https://www.bikebros.co.jp/catalog/5/4_32/,2026-09-05
ハーレーダビッドソン,FLHXS Street Glide Special FLHXS ストリートグライドスペシャル,81,1550000,5380000,,,,1868,,アメリカン＆クルーザー,1009,4,1,228,https://www.bikebros.co.jp/catalog/5/4_33/,2026-09-05
ハーレーダビッドソン,FLHTCUL Electra Glide Ultra Classic Low FLHTCUL エレクトラグライドウルトラクラシックロー,2,1548000,1694000,,,,1689,,アメリカン＆クルーザー,3372,0,0,7,https://www.bikebros.co.jp/catalog/5/4_34/,2026-09-05
ハーレーダビッドソン,FLHTKL Ultra Limited Low FLHTKL ウルトラリミテッド ロー,6,1658000,2497000,,,,1868,,アメリカン＆クルーザー,1741,0,0,21,https://www.bikebros.co.jp/catalog/5/4_35/,2026-09-05
ハーレーダビッドソン,FLHTK Ultra Limited FLHTK ウルトラリミテッド,6,2280000,4070000,,,,,,アメリカン＆クルーザー,5053,0,0,35,https://www.bikebros.co.jp/catalog/5/4_36/,2026-09-05
ハーレーダビッドソン,FLTR Road Glide FLTR ロードグライド,9,1200000,2250000,,,,1584,,アメリカン＆クルーザー,1075,5,1,113,https://www.bikebros.co.jp/catalog/5/4_4/,2026-09-05
ハーレーダビッドソン,FLHX Street Glide FLHX ストリートグライド,74,900000,4380000,,,,1923,,アメリカン＆クルーザー,335,5,1,428,https://www.bikebros.co.jp/catalog/5/4_5/,2026-09-05
ハーレーダビッドソン,FLHT Electra Glide FLHT エレクトラグライド,6,880000,2398000,,,,1584,,アメリカン＆クルーザー,985,4,2,70,https://www.bikebros.co.jp/catalog/5/4_6/,2026-09-05
ハーレーダビッドソン,FLHTC Electra Glide Classic FLHTC エレクトラグライドクラシック,12,900000,1573000,,,,1689,,アメリカン＆クルーザー,639,4.7,3,132,https://www.bikebros.co.jp/catalog/5/4_7/,2026-09-05
ハーレーダビッドソン,FLHTCU Electra Glide Ultra Classic FLHTCU エレクトラグライドウルトラクラシック,44,800000,1780000,,,,1449,,アメリカン＆クルーザー,1108,4.3,3,261,https://www.bikebros.co.jp/catalog/5/4_8/,2026-09-05
ハーレーダビッドソン,FLHTCU S/C Electra Glide Ultra Classic Sidecar FLHTCU S/C エレクトラグライドウルトラクラシックサイドカー,17,1490000,2580000,,,,1449,,アメリカン＆クルーザー,3063,4.5,2,22,https://www.bikebros.co.jp/catalog/5/4_9/,2026-09-05
ハーレーダビッドソン,V-Rod VRSCDX Night Rod Special Vロッド VRSCDX ナイトロッドスペシャル,40,999000,3069000,,,,1246,,ネイキッド＆ストリート,1010,4.6,5,203,https://www.bikebros.co.jp/catalog/5/5_5/,2026-09-05
ハーレーダビッドソン,V-Rod VRSCF Muscle Vロッド VRSCF マッスル,9,1187000,2990000,,,,1246,,ネイキッド＆ストリート,1229,4.3,3,32,https://www.bikebros.co.jp/catalog/5/5_6/,2026-09-05
ハーレーダビッドソン,旧車 ショベルFX系,4,2400000,3300000,,,,,,アメリカン＆クルーザー,4563,0,0,62,https://www.bikebros.co.jp/catalog/5/6_2/,2026-09-05
ハーレーダビッドソン,旧車 その他,153,1397000,9800000,,,,,,アメリカン＆クルーザー,5054,4,1,25,https://www.bikebros.co.jp/catalog/5/6_7/,2026-09-05
ハーレーダビッドソン,FLHTCUTG Tri Glide Ultra FLHTCUTG トライグライドウルトラ,34,2670000,5900000,,,,1868,,アメリカン＆クルーザー,461,0,0,63,https://www.bikebros.co.jp/catalog/5/8_1/,2026-09-05
ハーレーダビッドソン,FLRT Freewheeler FLRT フリーウィーラー,9,2600000,3680000,,,,1868,,アメリカン＆クルーザー,4097,4,1,13,https://www.bikebros.co.jp/catalog/5/8_2/,2026-09-05
ハーレーダビッドソン,CVO FLHTCU4 CVO FLHTCU4 ファクトリーカスタムウルトラクラシックエレクトラグライド,2,1500000,1780000,,,,1584,,アメリカン＆クルーザー,2624,0,0,8,https://www.bikebros.co.jp/catalog/5/999_1/,2026-09-05
ハーレーダビッドソン,FLSL Softail Slim FLSL ソフテイルスリム,8,1375000,1848000,,,,1745,,アメリカン＆クルーザー,1601,0,0,54,https://www.bikebros.co.jp/catalog/5/999_10/,2026-09-05
ハーレーダビッドソン,FXLRS Softail Low Rider S FXLRS ソフテイルローライダーS,122,1750000,2980000,,,,1923,,アメリカン＆クルーザー,1486,0,0,134,https://www.bikebros.co.jp/catalog/5/999_102/,2026-09-05
ハーレーダビッドソン,FLTRK Road Glide Limited FLTRK ロードグライドリミテッド,3,2990000,3597000,,,,1868,,アメリカン＆クルーザー,3384,0,0,10,https://www.bikebros.co.jp/catalog/5/999_103/,2026-09-05
ハーレーダビッドソン,CVO FLHTCUTGSE Tri Glide CVO FLHTCUTGSE トライグライド,7,4988000,6780000,,,,1923,,アメリカン＆クルーザー,2630,0,0,9,https://www.bikebros.co.jp/catalog/5/999_104/,2026-09-05
ハーレーダビッドソン,RA1250 PAN AMERICA1250 RA1250 パンアメリカ1250,7,1258000,1980000,,,,1252,1001cc以上,スポーツ＆ツアラー,1151,0,0,11,https://www.bikebros.co.jp/catalog/5/999_105/,2026-09-05
ハーレーダビッドソン,FLFBSANV Softail Fatboy 114 Anniversary FLFBSANV ソフテイルファットボーイ114アニバーサリー,2,2000000,2161000,,,,1868,,アメリカン＆クルーザー,1971,0,0,13,https://www.bikebros.co.jp/catalog/5/999_107/,2026-09-05
ハーレーダビッドソン,FXBBS Softail Street Bob 114 FXBBS ソフテイルストリートボブ114,75,1650000,3780000,,,,1868,,アメリカン＆クルーザー,3386,0,0,73,https://www.bikebros.co.jp/catalog/5/999_109/,2026-09-05
ハーレーダビッドソン,FXBB Softail Street Bob FXBB ソフテイルストリートボブ,34,1488000,2800000,,,,1745,,アメリカン＆クルーザー,627,4,2,141,https://www.bikebros.co.jp/catalog/5/999_11/,2026-09-05
ハーレーダビッドソン,RA1250S PAN AMERICA1250 Special RA1250S パンアメリカ1250スペシャル,26,1239000,2500000,,,,1252,1001cc以上,スポーツ＆ツアラー,1487,0,0,31,https://www.bikebros.co.jp/catalog/5/999_110/,2026-09-05
ハーレーダビッドソン,RH1250S Sportster S RH1250S スポーツスターS,66,1198000,3450000,,,,1252,,ネイキッド＆ストリート,1196,0,0,88,https://www.bikebros.co.jp/catalog/5/999_112/,2026-09-05
ハーレーダビッドソン,FXLRST Softail Low Rider ST FXLRST ソフテイルローライダーST,92,2400000,4800000,,,,1923,,アメリカン＆クルーザー,2416,0,0,65,https://www.bikebros.co.jp/catalog/5/999_113/,2026-09-05
ハーレーダビッドソン,FLTRXST Road Glide ST FLTRXST ロードグライドST,4,3465000,4345000,,,,1923,,アメリカン＆クルーザー,4570,0,0,12,https://www.bikebros.co.jp/catalog/5/999_114/,2026-09-05
ハーレーダビッドソン,CVO FLTRKSE Road Glide Limited CVO FLTRKSEロードグライドリミテッド,4,4190000,5300000,,,,1923,,アメリカン＆クルーザー,3713,0,0,1,https://www.bikebros.co.jp/catalog/5/999_116/,2026-09-05
ハーレーダビッドソン,RH975 NIGHTSTER RH975ナイトスター,32,880000,1500000,,,,975,,ネイキッド＆ストリート,556,0,0,37,https://www.bikebros.co.jp/catalog/5/999_117/,2026-09-05
ハーレーダビッドソン,RH975S NIGHTSTER SPECIAL RH975Sナイトスタースペシャル,63,988000,1650000,,,,975,,ネイキッド＆ストリート,1109,0,0,32,https://www.bikebros.co.jp/catalog/5/999_118/,2026-09-05
ハーレーダビッドソン,FXBR FXBR Softail Breakout 117 FXBR ソフテイルブレイクアウト117,102,2280000,4370000,,,,1923,,ネイキッド＆ストリート,2105,0,0,70,https://www.bikebros.co.jp/catalog/5/999_119/,2026-09-05
ハーレーダビッドソン,FLTRT Road Glide 3 FLTRTロードグライド3,18,3638000,5680000,,,,1868,,アメリカン＆クルーザー,4571,0,0,5,https://www.bikebros.co.jp/catalog/5/999_120/,2026-09-05
ハーレーダビッドソン,X350,85,390000,700000,,,,352.8,251～400cc,ネイキッド＆ストリート,471,0,0,135,https://www.bikebros.co.jp/catalog/5/999_121/,2026-09-05
ハーレーダビッドソン,X500,36,488000,958000,,,,499.5,401～750cc,ネイキッド＆ストリート,1234,0,0,17,https://www.bikebros.co.jp/catalog/5/999_122/,2026-09-05
ハーレーダビッドソン,FLHFB Electra Glide HIGHWAY KING FLHFBエレクトラグライドハイウェイキング,6,2988000,3960000,,,,1868,,アメリカン＆クルーザー,2106,0,0,5,https://www.bikebros.co.jp/catalog/5/999_123/,2026-09-05
ハーレーダビッドソン,FLI Hydra-Glide Revival FLI ソフテイルハイドラグライド リバイバル,2,3060000,3355000,,,,1868,,アメリカン＆クルーザー,2632,0,0,2,https://www.bikebros.co.jp/catalog/5/999_125/,2026-09-05
ハーレーダビッドソン,RA1250S PAN AMERICA1250 ST RA1250S パンアメリカ1250ST,6,1898000,2180000,,,,1252,1001cc以上,スポーツ＆ツアラー,3388,0,0,1,https://www.bikebros.co.jp/catalog/5/999_127/,2026-09-05
ハーレーダビッドソン,FLHXU Street Glide Ultra FLHXU ストリートグライドウルトラ,2,3490000,3550000,,,,1923,,アメリカン＆クルーザー,1972,0,0,0,https://www.bikebros.co.jp/catalog/5/999_128/,2026-09-05
ハーレーダビッドソン,FXBB Softail Street Bob 117 FXBB ソフテイルストリートボブ117,19,2050000,2450000,,,,1923,,アメリカン＆クルーザー,2417,0,0,8,https://www.bikebros.co.jp/catalog/5/999_129/,2026-09-05
ハーレーダビッドソン,FXBRS Softail Breakout 114 FXBRS ソフテイルブレイクアウト114,92,2365000,9760000,,,,1868,,ネイキッド＆ストリート,1743,0,0,239,https://www.bikebros.co.jp/catalog/5/999_13/,2026-09-05
ハーレーダビッドソン,FLHC Softail Heritage Classic 117 FLHC ソフテイルヘリテイジクラシック117,2,2488000,2680000,,,,1923,,アメリカン＆クルーザー,1973,0,0,4,https://www.bikebros.co.jp/catalog/5/999_130/,2026-09-05
ハーレーダビッドソン,FLFBS Softail Fatboy 117 FLFBS ソフテイルファットボーイ117,2,2880000,4310000,,,,1923,,アメリカン＆クルーザー,1197,0,0,5,https://www.bikebros.co.jp/catalog/5/999_131/,2026-09-05
ハーレーダビッドソン,FLSTFI Softail Fatboy Gray Ghost FLSTFI ソフテイルファットボーイ グレイゴースト,5,4861000,5200000,,,,1923,,アメリカン＆クルーザー,2633,0,0,4,https://www.bikebros.co.jp/catalog/5/999_132/,2026-09-05
ハーレーダビッドソン,FXFB Softail Fat Bob FXFB ソフテイルファットボブ,3,1848000,1980000,,,,1745,,ネイキッド＆ストリート,5058,0,0,17,https://www.bikebros.co.jp/catalog/5/999_14/,2026-09-05
ハーレーダビッドソン,FXFBS Softail Fat Bob 114 FXFBS ソフテイルファットボブ114,10,1620000,2585000,,,,1868,,ネイキッド＆ストリート,1312,0,0,44,https://www.bikebros.co.jp/catalog/5/999_15/,2026-09-05
ハーレーダビッドソン,FXLR Softail Low Rider FXLR ソフテイルローライダー,15,1480000,2480000,,,,1745,,アメリカン＆クルーザー,1419,0,0,53,https://www.bikebros.co.jp/catalog/5/999_16/,2026-09-05
ハーレーダビッドソン,Sportster XL883L Low スポーツスター XL883L ロー,44,498000,1780000,,,,883,,ネイキッド＆ストリート,1230,0,0,161,https://www.bikebros.co.jp/catalog/5/999_18/,2026-09-05
ハーレーダビッドソン,FXDS Dyna Super Glide Sport FXDS ダイナスーパーグライドスポーツ,4,1980000,3680000,,,,,,アメリカン＆クルーザー,5059,0,0,0,https://www.bikebros.co.jp/catalog/5/999_23/,2026-09-05
ハーレーダビッドソン,CVO FLTRXSE Road Glide CVO FLTRXSE ロードグライド,5,3250000,9790000,,,,1977,,アメリカン＆クルーザー,1965,0,0,44,https://www.bikebros.co.jp/catalog/5/999_3/,2026-09-05
ハーレーダビッドソン,Sportster XR1000 スポーツスター XR1000,2,4198000,4900000,,,,1000,,ネイキッド＆ストリート,2627,0,0,3,https://www.bikebros.co.jp/catalog/5/999_35/,2026-09-05
ハーレーダビッドソン,FXR Super Glide FXR スーパーグライド,2,3600000,4100000,,,,,,アメリカン＆クルーザー,2411,0,0,25,https://www.bikebros.co.jp/catalog/5/999_38/,2026-09-05
ハーレーダビッドソン,FLDE Softail Deluxe FLDE ソフテイルデラックス,2,1780000,1880000,,,,1745,,アメリカン＆クルーザー,1742,0,0,23,https://www.bikebros.co.jp/catalog/5/999_4/,2026-09-05
ハーレーダビッドソン,FLSTN Heritage Softail Nostalgia FLSTN ヘリテイジソフテイルノスタルジア,6,1892000,2750000,,,,,,アメリカン＆クルーザー,2413,0,0,11,https://www.bikebros.co.jp/catalog/5/999_50/,2026-09-05
ハーレーダビッドソン,FXE Super Glide FXE スーパーグライド,8,2783000,3880000,,,,,,アメリカン＆クルーザー,3070,0,0,47,https://www.bikebros.co.jp/catalog/5/999_52/,2026-09-05
ハーレーダビッドソン,FXEF Super Glide FXEF スーパーグライド,2,3080000,3800000,,,,,,アメリカン＆クルーザー,3700,0,0,14,https://www.bikebros.co.jp/catalog/5/999_53/,2026-09-05
ハーレーダビッドソン,FXWG Wide Glide FXWG ワイドグライド,5,2300000,3400000,,,,,,アメリカン＆クルーザー,1969,0,0,24,https://www.bikebros.co.jp/catalog/5/999_57/,2026-09-05
ハーレーダビッドソン,FLFBS Softail Fatboy 114 FLFBS ソフテイルファットボーイ114,50,2280000,3498000,,,,1868,,アメリカン＆クルーザー,2100,0,0,100,https://www.bikebros.co.jp/catalog/5/999_6/,2026-09-05
ハーレーダビッドソン,FLTC Tour Glide Classic FLTC ツアーグライドクラシック,2,1770000,2288000,,,,,,アメリカン＆クルーザー,1744,0,0,3,https://www.bikebros.co.jp/catalog/5/999_63/,2026-09-05
ハーレーダビッドソン,FLH Electra Glide Standard FLH エレクトラグライドスタンダード,37,1700000,5300000,,,,,,アメリカン＆クルーザー,3071,0,0,65,https://www.bikebros.co.jp/catalog/5/999_65/,2026-09-05
ハーレーダビッドソン,FLSB Softail Sport Glide FLSB ソフテイルスポーツグライド,15,1500000,3390000,,,,1745,,アメリカン＆クルーザー,3378,5,1,76,https://www.bikebros.co.jp/catalog/5/999_68/,2026-09-05
ハーレーダビッドソン,CVO FLHRSE Road King CVO FLHRSEロードキング,2,2000000,2280000,,,,1550,,アメリカン＆クルーザー,3072,0,0,7,https://www.bikebros.co.jp/catalog/5/999_69/,2026-09-05
ハーレーダビッドソン,FLHC Softail Heritage Classic FLHC ソフテイルヘリテイジクラシック,5,1683000,2840000,,,,1745,,アメリカン＆クルーザー,1966,0,0,51,https://www.bikebros.co.jp/catalog/5/999_7/,2026-09-05
ハーレーダビッドソン,Sportster XL1200XS Forty-Eight Special スポーツスター XL1200XS フォーティエイト スペシャル,25,1573000,2490000,,,,1202,,ネイキッド＆ストリート,1602,0,0,35,https://www.bikebros.co.jp/catalog/5/999_70/,2026-09-05
ハーレーダビッドソン,Sportster XL1200NS Iron1200 XL1200NS アイアン1200,60,1590000,2783000,,,,1202,,ネイキッド＆ストリート,896,0,0,164,https://www.bikebros.co.jp/catalog/5/999_71/,2026-09-05
ハーレーダビッドソン,FXB Sturgis FXBスタージス,3,2017000,3685000,,,,1338,,アメリカン＆クルーザー,2819,0,0,10,https://www.bikebros.co.jp/catalog/5/999_72/,2026-09-05
ハーレーダビッドソン,FXDRS Softail FXDR114 FXDRS ソフテイルFXDR114,10,1969000,2580000,,,,1868,,ネイキッド＆ストリート,1970,0,0,30,https://www.bikebros.co.jp/catalog/5/999_75/,2026-09-05
ハーレーダビッドソン,XLH,12,1200000,3800000,,,,1000,,ネイキッド＆ストリート,1363,0,0,35,https://www.bikebros.co.jp/catalog/5/999_76/,2026-09-05
ハーレーダビッドソン,XLCH,4,1960000,2450000,,,,900,,ネイキッド＆ストリート,2629,0,0,20,https://www.bikebros.co.jp/catalog/5/999_77/,2026-09-05
ハーレーダビッドソン,XLCR1000 CafeRacer XLCR1000カフェレーサー,4,3372000,4488000,,,,997.5,,ネイキッド＆ストリート,3705,0,0,7,https://www.bikebros.co.jp/catalog/5/999_78/,2026-09-05
ハーレーダビッドソン,FXS Lowrider FXSローライダー,10,2450000,5060000,,,,1207,,ネイキッド＆ストリート,3706,0,0,47,https://www.bikebros.co.jp/catalog/5/999_79/,2026-09-05
ハーレーダビッドソン,FLHCS Softail Heritage Classic 114 FLHCS ソフテイルヘリテイジクラシック114,24,1683000,3000000,,,,1868,,アメリカン＆クルーザー,4565,0,0,54,https://www.bikebros.co.jp/catalog/5/999_8/,2026-09-05
ハーレーダビッドソン,FXS80 Lowrider FXS80ローライダー,14,2400000,3800000,,,,1340,,ネイキッド＆ストリート,3380,0,0,10,https://www.bikebros.co.jp/catalog/5/999_82/,2026-09-05
ハーレーダビッドソン,FL,17,3190000,6950000,,,,,1001cc以上,アメリカン＆クルーザー,2820,0,0,95,https://www.bikebros.co.jp/catalog/5/999_85/,2026-09-05
ハーレーダビッドソン,EL,2,4600000,4900000,,,,,751～1000cc,アメリカン＆クルーザー,3707,0,0,10,https://www.bikebros.co.jp/catalog/5/999_86/,2026-09-05
ハーレーダビッドソン,FLHRXS Road King Special FLHRXS ロードキングスペシャル,10,2090000,2948000,,,,1868,,アメリカン＆クルーザー,2249,0,0,32,https://www.bikebros.co.jp/catalog/5/999_9/,2026-09-05
ハーレーダビッドソン,XG750 Street750 XG750 ストリート750,11,498000,1490000,,,,749,,ネイキッド＆ストリート,747,4,6,158,https://www.bikebros.co.jp/catalog/5/9_1/,2026-09-05
ハーレーダビッドソン,XG750A STREET ROD XG750A ストリートロッド,6,598000,858000,,,,749,,ネイキッド＆ストリート,1543,0,0,55,https://www.bikebros.co.jp/catalog/5/9_2/,2026-09-05
ビーエムダブリュー,R1100RT,5,178000,990000,,,,1085,,スポーツ＆ツアラー,1974,4.4,5,93,https://www.bikebros.co.jp/catalog/7/1_11/,2026-09-05
ビーエムダブリュー,R1200RT,3,1580000,1800000,,,,1169,,スポーツ＆ツアラー,580,4.7,6,386,https://www.bikebros.co.jp/catalog/7/1_13/,2026-09-05
ビーエムダブリュー,R1100S,6,390000,693000,,,,1085,,スポーツ＆ツアラー,1364,3.8,6,98,https://www.bikebros.co.jp/catalog/7/1_16/,2026-09-05
ビーエムダブリュー,R1200S,3,798000,1020000,,,,1169,,スポーツ＆ツアラー,1314,5,1,46,https://www.bikebros.co.jp/catalog/7/1_17/,2026-09-05
ビーエムダブリュー,R1100R Roadster R1100Rロードスター,2,480000,1490000,,,,1085,,ネイキッド＆ストリート,4112,4.7,3,61,https://www.bikebros.co.jp/catalog/7/1_2/,2026-09-05
ビーエムダブリュー,R1100GS,2,298000,550000,,,,1085,,オフロード＆モタード,1677,4,2,69,https://www.bikebros.co.jp/catalog/7/1_20/,2026-09-05
ビーエムダブリュー,R1200GS,16,768000,1595000,,,,1169,,スポーツ＆ツアラー,493,4.5,20,771,https://www.bikebros.co.jp/catalog/7/1_23/,2026-09-05
ビーエムダブリュー,R1200GS Adventure R1200GSアドベンチャー,7,1190000,1830000,,,,1169,,スポーツ＆ツアラー,527,4.4,11,428,https://www.bikebros.co.jp/catalog/7/1_24/,2026-09-05
ビーエムダブリュー,R nineT Rナインティ,26,968000,2354900,,,,1169,,ネイキッド＆ストリート,398,4.6,8,286,https://www.bikebros.co.jp/catalog/7/1_27/,2026-09-05
ビーエムダブリュー,R1200RS,11,748000,1350000,,,,1169,,スポーツ＆ツアラー,568,4.6,10,309,https://www.bikebros.co.jp/catalog/7/1_28/,2026-09-05
ビーエムダブリュー,R nineT Scrambler Rナインティ スクランブラー,13,1200000,1790000,,,,1169,,ネイキッド＆ストリート,665,4,2,118,https://www.bikebros.co.jp/catalog/7/1_29/,2026-09-05
ビーエムダブリュー,R nineT Pure Rナインティ ピュア,19,1048000,1704900,,,,1169,,ネイキッド＆ストリート,822,5,1,65,https://www.bikebros.co.jp/catalog/7/1_30/,2026-09-05
ビーエムダブリュー,R nineT Racer Rナインティ レーサー,13,1348000,2100000,,,,1169,,スポーツ＆ツアラー,936,4,1,49,https://www.bikebros.co.jp/catalog/7/1_31/,2026-09-05
ビーエムダブリュー,R nineT Urban G/S Rナインティ アーバンG/S,16,998000,2398000,,,,1169,,ネイキッド＆ストリート,666,5,1,46,https://www.bikebros.co.jp/catalog/7/1_32/,2026-09-05
ビーエムダブリュー,R1200R,6,580000,1200000,,,,1169,,ネイキッド＆ストリート,433,4.5,11,297,https://www.bikebros.co.jp/catalog/7/1_5/,2026-09-05
ビーエムダブリュー,HP2 Megamoto HP2メガモト,3,1650000,1848000,,,,1169,,スポーツ＆ツアラー,1846,0,0,14,https://www.bikebros.co.jp/catalog/7/2_2/,2026-09-05
ビーエムダブリュー,HP2 Sport HP2スポーツ,4,1988000,5190000,,,,1169,,スポーツ＆ツアラー,1268,0,0,26,https://www.bikebros.co.jp/catalog/7/2_3/,2026-09-05
ビーエムダブリュー,K1200R,2,580000,719800,,,,1157,,スポーツ＆ツアラー,2109,4.6,3,59,https://www.bikebros.co.jp/catalog/7/3_10/,2026-09-05
ビーエムダブリュー,K1300S,3,528000,898000,,,,1292.7,,スポーツ＆ツアラー,1042,4.5,6,128,https://www.bikebros.co.jp/catalog/7/3_13/,2026-09-05
ビーエムダブリュー,K1600GTL,5,1000000,2497000,,,,1648.9,,スポーツ＆ツアラー,1043,0,0,141,https://www.bikebros.co.jp/catalog/7/3_16/,2026-09-05
ビーエムダブリュー,K1600GT,7,1350000,3480000,,,,1648.9,,スポーツ＆ツアラー,513,5,2,80,https://www.bikebros.co.jp/catalog/7/3_17/,2026-09-05
ビーエムダブリュー,K1600GTL Exclusive K1600GTLエクスクルーシブ,2,1420000,3300000,,,,1649,,スポーツ＆ツアラー,2422,4.5,2,44,https://www.bikebros.co.jp/catalog/7/3_25/,2026-09-05
ビーエムダブリュー,K1200S,2,488000,650000,,,,1157,,スポーツ＆ツアラー,1544,4.3,7,124,https://www.bikebros.co.jp/catalog/7/3_9/,2026-09-05
ビーエムダブリュー,F700GS,4,600000,776000,,,,798,,オフロード＆モタード,1365,4.4,5,169,https://www.bikebros.co.jp/catalog/7/4_11/,2026-09-05
ビーエムダブリュー,F800GT,2,578000,935000,,,,798,,スポーツ＆ツアラー,986,4.2,4,73,https://www.bikebros.co.jp/catalog/7/4_12/,2026-09-05
ビーエムダブリュー,F650GS,4,385000,680000,,,,798,,オフロード＆モタード,680,5,1,182,https://www.bikebros.co.jp/catalog/7/4_14/,2026-09-05
ビーエムダブリュー,F800GS,18,690000,1500000,1377000,1640000,7,895,,オフロード＆モタード,290,4.5,4,177,https://www.bikebros.co.jp/catalog/7/4_8/,2026-09-05
ビーエムダブリュー,G310R,75,308000,720000,669000,682000,3,313,,ネイキッド＆ストリート,208,5,2,157,https://www.bikebros.co.jp/catalog/7/5_8/,2026-09-05
ビーエムダブリュー,G310GS,45,359000,750000,750000,753000,2,313,,ネイキッド＆ストリート,251,0,0,229,https://www.bikebros.co.jp/catalog/7/5_9/,2026-09-05
ビーエムダブリュー,R100RS,37,630000,3300000,,,,980,,スポーツ＆ツアラー,557,4.2,6,225,https://www.bikebros.co.jp/catalog/7/7_11/,2026-09-05
ビーエムダブリュー,R100RT,7,1090000,2781500,,,,980,,スポーツ＆ツアラー,768,4,1,27,https://www.bikebros.co.jp/catalog/7/7_12/,2026-09-05
ビーエムダブリュー,R100R,4,880000,1450000,,,,980,,ネイキッド＆ストリート,1847,0,0,26,https://www.bikebros.co.jp/catalog/7/7_13/,2026-09-05
ビーエムダブリュー,R100GS,6,1429000,1925000,,,,980,,オフロード＆モタード,1236,5,1,41,https://www.bikebros.co.jp/catalog/7/7_14/,2026-09-05
ビーエムダブリュー,R100S,5,1100000,2480000,,,,980,,スポーツ＆ツアラー,1976,0,0,3,https://www.bikebros.co.jp/catalog/7/7_18/,2026-09-05
ビーエムダブリュー,R50,2,3100000,3500000,,,,494,,ネイキッド＆ストリート,2637,0,0,3,https://www.bikebros.co.jp/catalog/7/7_2/,2026-09-05
ビーエムダブリュー,R80G/S,2,2529000,3180000,,,,797.5,,オフロード＆モタード,1605,0,0,11,https://www.bikebros.co.jp/catalog/7/7_24/,2026-09-05
ビーエムダブリュー,R65シリーズ,3,638000,2550000,,,,,,その他のタイプ,4579,4,1,5,https://www.bikebros.co.jp/catalog/7/7_4/,2026-09-05
ビーエムダブリュー,R80,9,1093000,1880000,,,,797.5,,スポーツ＆ツアラー,1077,0,0,46,https://www.bikebros.co.jp/catalog/7/7_7/,2026-09-05
ビーエムダブリュー,旧車 その他,2,748000,950000,,,,,,その他のタイプ,5068,0,0,3,https://www.bikebros.co.jp/catalog/7/8_3/,2026-09-05
ビーエムダブリュー,R90S,2,1600000,3950000,,,,898,,ネイキッド＆ストリート,1849,0,0,7,https://www.bikebros.co.jp/catalog/7/999_11/,2026-09-05
ビーエムダブリュー,R65LS,2,1380000,1579000,,,,649.6,,ネイキッド＆ストリート,1421,3,1,0,https://www.bikebros.co.jp/catalog/7/999_21/,2026-09-05
ビーエムダブリュー,K1600GrandAmerica K1600グランドアメリカ,2,2300000,3894000,,,,1649,,スポーツ＆ツアラー,5581,0,0,9,https://www.bikebros.co.jp/catalog/7/999_27/,2026-09-05
ビーエムダブリュー,F850GS,2,988000,1199900,,,,853,,オフロード＆モタード,598,0,0,36,https://www.bikebros.co.jp/catalog/7/999_28/,2026-09-05
ビーエムダブリュー,F750GS,8,795000,1100000,,,,853,,オフロード＆モタード,1045,0,0,66,https://www.bikebros.co.jp/catalog/7/999_29/,2026-09-05
ビーエムダブリュー,K1600B,6,1680000,2500000,,,,1649,,スポーツ＆ツアラー,2426,4,1,36,https://www.bikebros.co.jp/catalog/7/999_3/,2026-09-05
ビーエムダブリュー,C400X,6,500000,638000,,,,349.8,,ビッグスクーター,1422,0,0,29,https://www.bikebros.co.jp/catalog/7/999_30/,2026-09-05
ビーエムダブリュー,R1250GS,12,1350000,2398000,,,,1254,,スポーツ＆ツアラー,614,0,0,134,https://www.bikebros.co.jp/catalog/7/999_33/,2026-09-05
ビーエムダブリュー,R1250RT,3,1980000,3120000,,,,1254,,スポーツ＆ツアラー,1111,0,0,42,https://www.bikebros.co.jp/catalog/7/999_34/,2026-09-05
ビーエムダブリュー,R1250R,14,1089000,1590000,,,,1254,,ネイキッド＆ストリート,710,4,1,36,https://www.bikebros.co.jp/catalog/7/999_35/,2026-09-05
ビーエムダブリュー,R1250RS,14,1218000,2050000,,,,1254,,スポーツ＆ツアラー,453,4,1,115,https://www.bikebros.co.jp/catalog/7/999_36/,2026-09-05
ビーエムダブリュー,R1250GS Adventure R1250GSアドベンチャー,40,1980000,3300000,,,,1254,,スポーツ＆ツアラー,1013,4.7,3,197,https://www.bikebros.co.jp/catalog/7/999_37/,2026-09-05
ビーエムダブリュー,C400GT,62,572000,1300000,1171000,1210000,13,349.8,,ビッグスクーター,514,0,0,91,https://www.bikebros.co.jp/catalog/7/999_38/,2026-09-05
ビーエムダブリュー,R1100S Boxer Cup REPLICA R1100Sボクサーカップレプリカ,2,890000,1453500,,,,1085,,スポーツ＆ツアラー,1978,0,0,4,https://www.bikebros.co.jp/catalog/7/999_40/,2026-09-05
ビーエムダブリュー,R12,53,1250000,2900000,1991000,2580000,8,1169,,ネイキッド＆ストリート,454,0,0,10,https://www.bikebros.co.jp/catalog/7/999_54/,2026-09-05
ビーエムダブリュー,R nineT/5 Rナインティ/5,4,1798000,1880000,,,,1169,,ネイキッド＆ストリート,2830,0,0,6,https://www.bikebros.co.jp/catalog/7/999_56/,2026-09-05
ビーエムダブリュー,F900R,38,780000,1529000,1218000,1537000,9,895,,ネイキッド＆ストリート,839,4,1,35,https://www.bikebros.co.jp/catalog/7/999_58/,2026-09-05
ビーエムダブリュー,F900XR,41,680000,2140000,1537000,1599000,9,894,,スポーツ＆ツアラー,547,0,0,104,https://www.bikebros.co.jp/catalog/7/999_59/,2026-09-05
ビーエムダブリュー,R18,39,1328000,2950000,,,,1802,,アメリカン＆クルーザー,711,4,1,27,https://www.bikebros.co.jp/catalog/7/999_60/,2026-09-05
ビーエムダブリュー,M1000RR,7,3080000,5199000,4302000,5342000,4,999,,スポーツ＆ツアラー,482,0,0,34,https://www.bikebros.co.jp/catalog/7/999_61/,2026-09-05
ビーエムダブリュー,R18 Classic R18クラシック,15,1350000,2878000,2766000,2815000,3,1802,,アメリカン＆クルーザー,1112,0,0,11,https://www.bikebros.co.jp/catalog/7/999_62/,2026-09-05
ビーエムダブリュー,R18 B,14,2080000,3025000,3253000,3354000,2,1802,,アメリカン＆クルーザー,1423,0,0,10,https://www.bikebros.co.jp/catalog/7/999_63/,2026-09-05
ビーエムダブリュー,R18 Transcontinental R18トランスコンチネンタル,2,1990000,2180000,,,,1802,,アメリカン＆クルーザー,1368,5,1,13,https://www.bikebros.co.jp/catalog/7/999_64/,2026-09-05
ビーエムダブリュー,CE04,6,998000,1700000,,,,,,ビッグスクーター,840,0,0,0,https://www.bikebros.co.jp/catalog/7/999_65/,2026-09-05
ビーエムダブリュー,M1000R,24,2070000,3435000,2777000,3615000,14,999,,ネイキッド＆ストリート,841,0,0,31,https://www.bikebros.co.jp/catalog/7/999_67/,2026-09-05
ビーエムダブリュー,R18 Roctane R 18ロクテイン,13,1798000,2590000,2837000,2935000,2,1802,,アメリカン＆クルーザー,1748,0,0,7,https://www.bikebros.co.jp/catalog/7/999_68/,2026-09-05
ビーエムダブリュー,R12 nineT R12ナインティ,42,1598000,2575000,2535000,2862000,9,1169,,ネイキッド＆ストリート,1078,0,0,21,https://www.bikebros.co.jp/catalog/7/999_69/,2026-09-05
ビーエムダブリュー,M1000XR,5,2989000,3599000,3279000,4059000,8,999,,スポーツ＆ツアラー,2831,0,0,6,https://www.bikebros.co.jp/catalog/7/999_70/,2026-09-05
ビーエムダブリュー,F900GS,19,1358000,1980000,2043000,2153000,3,895,,オフロード＆モタード,1489,0,0,2,https://www.bikebros.co.jp/catalog/7/999_71/,2026-09-05
ビーエムダブリュー,R1300GS,50,2130000,3360000,3239000,3744000,14,1300.5,,スポーツ＆ツアラー,1113,0,0,37,https://www.bikebros.co.jp/catalog/7/999_73/,2026-09-05
ビーエムダブリュー,CE02,24,590000,1133000,,,,,,ネイキッド＆ストリート,2430,0,0,3,https://www.bikebros.co.jp/catalog/7/999_74/,2026-09-05
ビーエムダブリュー,R1300GS Adventure R1300GSアドベンチャー,26,3099000,3700000,3409000,3810000,19,1300.5,,スポーツ＆ツアラー,1979,0,0,27,https://www.bikebros.co.jp/catalog/7/999_75/,2026-09-05
ビーエムダブリュー,R12 S,7,2520000,3400000,,,,1169,,スポーツ＆ツアラー,1851,0,0,6,https://www.bikebros.co.jp/catalog/7/999_77/,2026-09-05
ビーエムダブリュー,R12 G/S,25,2000000,2794000,2493000,2694000,15,1169,,オフロード＆モタード,1679,0,0,1,https://www.bikebros.co.jp/catalog/7/999_78/,2026-09-05
ビーエムダブリュー,R1300R,23,1850000,2700000,2570000,2832000,12,1300.5,,ネイキッド＆ストリート,1369,0,0,2,https://www.bikebros.co.jp/catalog/7/999_79/,2026-09-05
ビーエムダブリュー,R1300RS,24,1998000,2800000,2200000,3038000,29,1300.5,,スポーツ＆ツアラー,1424,0,0,8,https://www.bikebros.co.jp/catalog/7/999_80/,2026-09-05
ビーエムダブリュー,R1300RT,6,3350000,3680000,3650000,4071000,19,1300.5,,スポーツ＆ツアラー,1980,0,0,5,https://www.bikebros.co.jp/catalog/7/999_81/,2026-09-05
ビーエムダブリュー,S1000RR,61,1120000,3398000,2709000,3580000,27,999,,スポーツ＆ツアラー,32,4.6,5,757,https://www.bikebros.co.jp/catalog/7/9_1/,2026-09-05
ビーエムダブリュー,S1000R,38,708000,2310000,1992000,2643000,15,999,,ネイキッド＆ストリート,296,4.3,3,236,https://www.bikebros.co.jp/catalog/7/9_2/,2026-09-05
ビーエムダブリュー,S1000XR,21,968000,3100000,2665000,3130000,5,999,,スポーツ＆ツアラー,681,4,4,138,https://www.bikebros.co.jp/catalog/7/9_3/,2026-09-05
ドゥカティ,Streetfighter S ストリートファイターS,2,638000,1050000,,,,1099,,ネイキッド＆ストリート,1608,0,0,34,https://www.bikebros.co.jp/catalog/8/11_3/,2026-09-05
ドゥカティ,X Diavel S XディアベルS,2,1870000,1980000,,,,1262,,スポーツ＆ツアラー,1240,0,0,33,https://www.bikebros.co.jp/catalog/8/12_10/,2026-09-05
ドゥカティ,Diavel Carbon ディアベルカーボン,3,1100000,2270000,,,,1198.4,,スポーツ＆ツアラー,1684,4.5,2,163,https://www.bikebros.co.jp/catalog/8/12_2/,2026-09-05
ドゥカティ,Diavel Dark ディアベルダーク,2,825000,1298100,,,,1198.4,,スポーツ＆ツアラー,4604,4.5,2,54,https://www.bikebros.co.jp/catalog/8/12_6/,2026-09-05
ドゥカティ,X Diavel Xディアベル,2,1540000,2000000,,,,1262,,スポーツ＆ツアラー,3092,0,0,21,https://www.bikebros.co.jp/catalog/8/12_9/,2026-09-05
ドゥカティ,ドゥカティその他,4,390000,3800000,,,,,,その他のタイプ,3093,0,0,9,https://www.bikebros.co.jp/catalog/8/13_1/,2026-09-05
ドゥカティ,Scrambler Icon スクランブラー アイコン,22,498000,1250000,,,,803,,ネイキッド＆ストリート,406,4,2,147,https://www.bikebros.co.jp/catalog/8/15_1/,2026-09-05
ドゥカティ,Scrambler Full Throttle スクランブラー フルスロットル,9,698000,1350000,,,,803,,ネイキッド＆ストリート,2262,4,1,53,https://www.bikebros.co.jp/catalog/8/15_3/,2026-09-05
ドゥカティ,Scrambler Classic スクランブラー クラシック,2,568000,600000,,,,803,,ネイキッド＆ストリート,1609,5,1,17,https://www.bikebros.co.jp/catalog/8/15_4/,2026-09-05
ドゥカティ,Scrambler Sixty2 スクランブラー シックスティー2,25,428000,898000,,,,399,,ネイキッド＆ストリート,615,0,0,137,https://www.bikebros.co.jp/catalog/8/15_5/,2026-09-05
ドゥカティ,Scrambler DESERT SLED スクランブラー デザートスレッド,2,919900,1030000,,,,803,,ネイキッド＆ストリート,869,0,0,9,https://www.bikebros.co.jp/catalog/8/15_7/,2026-09-05
ドゥカティ,Scrambler Cafe Racer スクランブラー カフェレーサー,4,754900,968000,,,,803,,ネイキッド＆ストリート,1982,0,0,29,https://www.bikebros.co.jp/catalog/8/15_8/,2026-09-05
ドゥカティ,1098,2,723000,1445300,,,,1099,,スポーツ＆ツアラー,1199,4.8,6,54,https://www.bikebros.co.jp/catalog/8/1_1/,2026-09-05
ドゥカティ,848EVO,2,770000,1258000,,,,849.4,,スポーツ＆ツアラー,748,4.5,2,38,https://www.bikebros.co.jp/catalog/8/1_15/,2026-09-05
ドゥカティ,1199 Panigale S 1199パニガーレS,3,1398000,1588000,,,,1198,,スポーツ＆ツアラー,1490,4.3,3,134,https://www.bikebros.co.jp/catalog/8/1_18/,2026-09-05
ドゥカティ,1098S,2,1188000,1388000,,,,1099,,スポーツ＆ツアラー,2116,5,2,79,https://www.bikebros.co.jp/catalog/8/1_21/,2026-09-05
ドゥカティ,999S,6,929800,1870000,,,,998,,スポーツ＆ツアラー,2117,4,1,51,https://www.bikebros.co.jp/catalog/8/1_23/,2026-09-05
ドゥカティ,1198S,2,1100000,1188000,,,,1198.4,,スポーツ＆ツアラー,2258,0,0,38,https://www.bikebros.co.jp/catalog/8/1_25/,2026-09-05
ドゥカティ,749R,4,1480000,2200000,,,,749,,スポーツ＆ツアラー,3082,0,0,20,https://www.bikebros.co.jp/catalog/8/1_29/,2026-09-05
ドゥカティ,998S,2,2500000,2750000,,,,998,,スポーツ＆ツアラー,2833,4,1,22,https://www.bikebros.co.jp/catalog/8/1_33/,2026-09-05
ドゥカティ,899 Panigale 899パニガーレ,5,850000,1100000,,,,898,,スポーツ＆ツアラー,843,4,1,88,https://www.bikebros.co.jp/catalog/8/1_43/,2026-09-05
ドゥカティ,959 Panigale 959 パニガーレ,2,1098000,1358000,,,,955,,スポーツ＆ツアラー,1317,0,0,48,https://www.bikebros.co.jp/catalog/8/1_47/,2026-09-05
ドゥカティ,Monster S4 モンスターS4,2,368000,495000,,,,916,,ネイキッド＆ストリート,937,4.4,5,87,https://www.bikebros.co.jp/catalog/8/2_1/,2026-09-05
ドゥカティ,Monster 400 モンスター400,14,249800,759000,,,,398,,ネイキッド＆ストリート,749,4.5,14,225,https://www.bikebros.co.jp/catalog/8/2_10/,2026-09-05
ドゥカティ,Monster 796 モンスター796,2,698000,699000,,,,803,,ネイキッド＆ストリート,750,4.4,7,131,https://www.bikebros.co.jp/catalog/8/2_15/,2026-09-05
ドゥカティ,Monster 1100 EVO モンスター1100エボ,5,598000,1230000,,,,1078,,ネイキッド＆ストリート,1426,4.1,7,128,https://www.bikebros.co.jp/catalog/8/2_16/,2026-09-05
ドゥカティ,Monster S2R（800） モンスターS2R（800）,4,500000,720000,,,,803,,ネイキッド＆ストリート,1015,4.5,4,66,https://www.bikebros.co.jp/catalog/8/2_2/,2026-09-05
ドゥカティ,Monster 400S モンスター400S,2,148000,271000,,,,398,,ネイキッド＆ストリート,2644,0,0,23,https://www.bikebros.co.jp/catalog/8/2_21/,2026-09-05
ドゥカティ,Monster S2R 1000 モンスターS2R 1000,4,498000,658000,,,,992,,ネイキッド＆ストリート,2435,0,0,71,https://www.bikebros.co.jp/catalog/8/2_25/,2026-09-05
ドゥカティ,Monster 1000S モンスター1000S,3,400000,899100,,,,992,,ネイキッド＆ストリート,1682,3,1,38,https://www.bikebros.co.jp/catalog/8/2_26/,2026-09-05
ドゥカティ,Monster S4R Testastretta モンスターS4Rテスタストレッタ,3,780000,943000,,,,998,,ネイキッド＆ストリート,4125,0,0,24,https://www.bikebros.co.jp/catalog/8/2_29/,2026-09-05
ドゥカティ,Monster 1200S モンスター1200S,4,758000,1650000,,,,1198.4,,ネイキッド＆ストリート,415,4.3,6,132,https://www.bikebros.co.jp/catalog/8/2_33/,2026-09-05
ドゥカティ,Monster 821 モンスター821,4,580000,798600,,,,821.1,,ネイキッド＆ストリート,521,4,1,69,https://www.bikebros.co.jp/catalog/8/2_34/,2026-09-05
ドゥカティ,Monster 797 モンスター797,3,830000,949800,,,,803,,ネイキッド＆ストリート,1546,0,0,20,https://www.bikebros.co.jp/catalog/8/2_39/,2026-09-05
ドゥカティ,GT1000,10,830000,1488000,,,,992,,ネイキッド＆ストリート,1200,4.5,8,48,https://www.bikebros.co.jp/catalog/8/3_1/,2026-09-05
ドゥカティ,Sport 1000 スポルト1000（スポーツ1000）,6,1368000,2180000,,,,992,,ネイキッド＆ストリート,1239,4,2,47,https://www.bikebros.co.jp/catalog/8/3_2/,2026-09-05
ドゥカティ,Sport 1000 S スポルト1000S（スポーツ1000S）,2,2058000,3500000,,,,992,,スポーツ＆ツアラー,1271,5,2,33,https://www.bikebros.co.jp/catalog/8/3_7/,2026-09-05
ドゥカティ,Multistrada 1000 ムルティストラーダ1000,3,298000,450000,,,,992,,スポーツ＆ツアラー,2259,4.5,6,39,https://www.bikebros.co.jp/catalog/8/4_2/,2026-09-05
ドゥカティ,Hypermotard 939 SP ハイパーモタード939SP,2,968000,1100000,,,,937,,オフロード＆モタード,2439,0,0,6,https://www.bikebros.co.jp/catalog/8/5_12/,2026-09-05
ドゥカティ,SuperSport 1000 スーパースポーツ1000,2,698000,920000,,,,992,,スポーツ＆ツアラー,3398,5,1,36,https://www.bikebros.co.jp/catalog/8/6_1/,2026-09-05
ドゥカティ,900MHR,7,1700000,2930000,,,,,751～1000cc,スポーツ＆ツアラー,3730,4,1,52,https://www.bikebros.co.jp/catalog/8/6_17/,2026-09-05
ドゥカティ,SS900,3,478000,558000,,,,900,,スポーツ＆ツアラー,3729,4.2,8,85,https://www.bikebros.co.jp/catalog/8/6_2/,2026-09-05
ドゥカティ,SuperSport 900 スーパースポーツ900,9,790000,5890000,,,,904,,スポーツ＆ツアラー,3088,5,3,84,https://www.bikebros.co.jp/catalog/8/6_5/,2026-09-05
ドゥカティ,750SuperSport 750スーパースポーツ,3,398000,6350000,,,,,401～750cc,スポーツ＆ツアラー,2839,0,0,6,https://www.bikebros.co.jp/catalog/8/6_6/,2026-09-05
ドゥカティ,400SS,3,719900,798000,,,,,,スポーツ＆ツアラー,3399,4.2,8,37,https://www.bikebros.co.jp/catalog/8/6_8/,2026-09-05
ドゥカティ,750 PASO 750パゾ（750パソ）,2,769900,1320000,,,,748,401～750cc,スポーツ＆ツアラー,3090,0,0,4,https://www.bikebros.co.jp/catalog/8/7_3/,2026-09-05
ドゥカティ,X Diavel V4 XディアベルV4,2,3200000,3250000,,,,1158,,スポーツ＆ツアラー,2267,0,0,0,https://www.bikebros.co.jp/catalog/8/999_101/,2026-09-05
ドゥカティ,Panigale V4 SP2 30°Anniversario916 パニガーレV4 SP2 30°アニバーサリオ916,3,5290000,5700000,,,,1103,,スポーツ＆ツアラー,3414,0,0,0,https://www.bikebros.co.jp/catalog/8/999_105/,2026-09-05
ドゥカティ,Scrambler Italia Independent スクランブラー イタリアインディペンデント,2,948000,1354900,,,,803,,ネイキッド＆ストリート,3405,0,0,13,https://www.bikebros.co.jp/catalog/8/999_14/,2026-09-05
ドゥカティ,SuperSport 950S・SuperSport S スーパースポーツ950 S・スーパースポーツS・,10,1050000,1488000,,,,937,,スポーツ＆ツアラー,628,5,1,109,https://www.bikebros.co.jp/catalog/8/999_16/,2026-09-05
ドゥカティ,959 Panigale Corse 959 パニガーレコルセ,2,1368000,1498000,,,,955,,スポーツ＆ツアラー,2647,0,0,13,https://www.bikebros.co.jp/catalog/8/999_18/,2026-09-05
ドゥカティ,Scrambler 1100 Special スクランブラー 1100スペシャル,2,778000,848000,,,,1079,,ネイキッド＆ストリート,3096,0,0,2,https://www.bikebros.co.jp/catalog/8/999_21/,2026-09-05
ドゥカティ,Panigale V4 パニガーレV4,4,2190000,4590000,,,,1103,,スポーツ＆ツアラー,844,5,1,32,https://www.bikebros.co.jp/catalog/8/999_23/,2026-09-05
ドゥカティ,Panigale V4S パニガーレV4S,18,1808000,4000000,,,,1103,,スポーツ＆ツアラー,732,5,1,79,https://www.bikebros.co.jp/catalog/8/999_24/,2026-09-05
ドゥカティ,Panigale V4 Speciale パニガーレV4スペチアーレ,2,2228000,3500000,,,,1103,,スポーツ＆ツアラー,4129,0,0,2,https://www.bikebros.co.jp/catalog/8/999_25/,2026-09-05
ドゥカティ,Panigale V4R パニガーレV4R,10,3654900,4990000,,,,998,,スポーツ＆ツアラー,682,0,0,17,https://www.bikebros.co.jp/catalog/8/999_30/,2026-09-05
ドゥカティ,Multistrada 950S ムルティストラーダ950S,2,1300000,1898000,,,,937,,スポーツ＆ツアラー,1857,0,0,8,https://www.bikebros.co.jp/catalog/8/999_35/,2026-09-05
ドゥカティ,750F1,2,1900000,1980000,,,,,401～750cc,スポーツ＆ツアラー,5093,0,0,11,https://www.bikebros.co.jp/catalog/8/999_39/,2026-09-05
ドゥカティ,Diavel AMG Special Edition ディアベルAMGスペシャルエディション,6,1198000,2350000,,,,1198.4,,スポーツ＆ツアラー,1429,0,0,4,https://www.bikebros.co.jp/catalog/8/999_4/,2026-09-05
ドゥカティ,Streetfighter V4S ストリートファイターV4S,20,1650000,3150000,,,,1103,,ネイキッド＆ストリート,1079,0,0,66,https://www.bikebros.co.jp/catalog/8/999_50/,2026-09-05
ドゥカティ,Panigale V2 パニガーレV2,4,1705000,2490000,,,,890.2,,スポーツ＆ツアラー,375,0,0,53,https://www.bikebros.co.jp/catalog/8/999_51/,2026-09-05
ドゥカティ,Scrambler Icon Dark スクランブラー アイコン ダーク,6,798000,1190000,,,,803,,ネイキッド＆ストリート,2441,0,0,11,https://www.bikebros.co.jp/catalog/8/999_53/,2026-09-05
ドゥカティ,Scrambler 1100 Sport PRO スクランブラー 1100スポーツ プロ,2,1350000,1904900,,,,1079,,ネイキッド＆ストリート,2265,0,0,11,https://www.bikebros.co.jp/catalog/8/999_60/,2026-09-05
ドゥカティ,Multistrada V4S ムルティストラーダV4S,15,2600000,3580000,2750000,3657000,2,1158,,スポーツ＆ツアラー,1752,0,0,20,https://www.bikebros.co.jp/catalog/8/999_68/,2026-09-05
ドゥカティ,Scrambler Night Shift スクランブラー ナイトシフト,12,798000,1550000,1300000,1590000,3,803,,ネイキッド＆ストリート,2124,5,1,39,https://www.bikebros.co.jp/catalog/8/999_70/,2026-09-05
ドゥカティ,Panigale V4SP パニガーレV4SP,4,4434900,6500000,,,,1103,,スポーツ＆ツアラー,3101,0,0,2,https://www.bikebros.co.jp/catalog/8/999_74/,2026-09-05
ドゥカティ,Monster モンスター,3,998000,1280400,,,,890,,ネイキッド＆ストリート,845,0,0,22,https://www.bikebros.co.jp/catalog/8/999_76/,2026-09-05
ドゥカティ,Monster + モンスター プラス,15,880000,1570000,1372000,1622000,2,890,,ネイキッド＆ストリート,384,0,0,47,https://www.bikebros.co.jp/catalog/8/999_77/,2026-09-05
ドゥカティ,Panigale V2 Bayliss 1st Championship 20th Anniversary パニガーレV2 ベイリス1stチャンピオンシップ20周年記念モデル,1,1975000,2250000,,,,955,,スポーツ＆ツアラー,3102,0,0,14,https://www.bikebros.co.jp/catalog/8/999_78/,2026-09-05
ドゥカティ,Scrambler Urban Motard スクランブラー アーバンモタード,3,979000,1354900,,,,803,,ネイキッド＆ストリート,1858,0,0,4,https://www.bikebros.co.jp/catalog/8/999_81/,2026-09-05
ドゥカティ,Streetfighter V2 ストリートファイターV2,10,1298000,2190000,,,,890.2,,ネイキッド＆ストリート,898,0,0,14,https://www.bikebros.co.jp/catalog/8/999_85/,2026-09-05
ドゥカティ,DesertX デザートX,6,1417000,2190000,,,,937,751～1000cc,オフロード＆モタード,2125,0,0,4,https://www.bikebros.co.jp/catalog/8/999_86/,2026-09-05
ドゥカティ,Monster SP モンスターSP（937）,12,1350000,1850000,1940000,2420000,2,937,,ネイキッド＆ストリート,2443,0,0,6,https://www.bikebros.co.jp/catalog/8/999_87/,2026-09-05
ドゥカティ,Diavel V4 ディアベルV4,3,2500000,2900000,,,,1158,,スポーツ＆ツアラー,1547,0,0,17,https://www.bikebros.co.jp/catalog/8/999_89/,2026-09-05
ドゥカティ,DesertX Rally デザートXラリー,2,2596000,2730000,,,,937,751～1000cc,オフロード＆モタード,1859,0,0,1,https://www.bikebros.co.jp/catalog/8/999_90/,2026-09-05
ドゥカティ,Hypermotard 698 MONO RVE ハイパーモタード698モノRVE,6,1485000,1850000,,,,659.4,,オフロード＆モタード,1753,0,0,14,https://www.bikebros.co.jp/catalog/8/999_92/,2026-09-05
ドゥカティ,Panigale V2S パニガーレV2S,9,2070000,4200000,,,,890.2,,スポーツ＆ツアラー,1153,0,0,5,https://www.bikebros.co.jp/catalog/8/999_94/,2026-09-05
ドゥカティ,Streetfighter V2S ストリートファイターV2S,5,1800000,2140000,,,,890.2,,ネイキッド＆ストリート,2650,0,0,0,https://www.bikebros.co.jp/catalog/8/999_95/,2026-09-05
ドゥカティ,Streetfighter V4 Supreme ストリートファイターV4 シュプリーム,4,5800000,6750000,,,,1103,,ネイキッド＆ストリート,5096,0,0,0,https://www.bikebros.co.jp/catalog/8/999_97/,2026-09-05
トライアンフ,TR6,3,2000000,3200000,,,,,401～750cc,ネイキッド＆ストリート,5112,0,0,19,https://www.bikebros.co.jp/catalog/10/12_1/,2026-09-05
トライアンフ,Adventurer アドベンチュラー,3,739800,1288000,,,,885,,ネイキッド＆ストリート,3109,0,0,9,https://www.bikebros.co.jp/catalog/10/15_1/,2026-09-05
トライアンフ,Scrambler スクランブラー900,3,1080000,1250000,,,,865,,ネイキッド＆ストリート,801,4.8,4,74,https://www.bikebros.co.jp/catalog/10/17_1/,2026-09-05
トライアンフ,Street Triple ストリートトリプル,6,398000,658000,,,,675,,ネイキッド＆ストリート,365,4.3,6,137,https://www.bikebros.co.jp/catalog/10/18_1/,2026-09-05
トライアンフ,Street Triple R / R Low / Rx ストリートトリプルR / Rロー / Rx,9,715000,1250000,,,,765,,ネイキッド＆ストリート,340,4.5,4,111,https://www.bikebros.co.jp/catalog/10/18_3/,2026-09-05
トライアンフ,Street Triple765 RS ストリートトリプル765 RS,23,738000,1559000,1550000,1596000,11,765,,ネイキッド＆ストリート,462,5,1,116,https://www.bikebros.co.jp/catalog/10/18_4/,2026-09-05
トライアンフ,Street Triple S ストリートトリプルS,2,788000,792000,,,,660,,ネイキッド＆ストリート,963,0,0,13,https://www.bikebros.co.jp/catalog/10/18_5/,2026-09-05
トライアンフ,Speed Triple スピードトリプル,3,399600,2288000,,,,1050,,スポーツ＆ツアラー,599,4.7,9,118,https://www.bikebros.co.jp/catalog/10/19_1/,2026-09-05
トライアンフ,Speed Triple R スピードトリプルR,2,406000,829800,,,,1050,,ネイキッド＆ストリート,651,0,0,45,https://www.bikebros.co.jp/catalog/10/19_2/,2026-09-05
トライアンフ,Speedmaster スピードマスター,2,799700,1388000,,,,865,,ネイキッド＆ストリート,1492,4,3,47,https://www.bikebros.co.jp/catalog/10/21_1/,2026-09-05
トライアンフ,Sprint SPORT900 スプリントスポーツ900,7,1580000,4290000,,,,865,,スポーツ＆ツアラー,3111,0,0,4,https://www.bikebros.co.jp/catalog/10/22_2/,2026-09-05
トライアンフ,Thruxton スラクストン,13,902000,1991000,,,,865,,ネイキッド＆ストリート,600,5,8,136,https://www.bikebros.co.jp/catalog/10/23_1/,2026-09-05
トライアンフ,Thruxton 1200R スラクストン1200 R,5,1591000,1998000,,,,1200,,ネイキッド＆ストリート,769,4.8,4,79,https://www.bikebros.co.jp/catalog/10/23_2/,2026-09-05
トライアンフ,Tiger 800 タイガー800,2,478000,1249000,,,,800,,スポーツ＆ツアラー,1861,4.7,6,76,https://www.bikebros.co.jp/catalog/10/25_3/,2026-09-05
トライアンフ,Daytona 675/SE デイトナ675/SE,14,400000,1100000,,,,675,,スポーツ＆ツアラー,392,3.8,4,298,https://www.bikebros.co.jp/catalog/10/27_3/,2026-09-05
トライアンフ,Daytona 675R デイトナ675R,7,708000,1129800,,,,675,,スポーツ＆ツアラー,990,5,2,100,https://www.bikebros.co.jp/catalog/10/27_9/,2026-09-05
トライアンフ,Bonneville ボンネビル,7,598000,1270000,,,,865,,ネイキッド＆ストリート,558,4.6,9,171,https://www.bikebros.co.jp/catalog/10/31_1/,2026-09-05
トライアンフ,Bonneville SE ボンネビルSE,5,660000,1250000,,,,865,,ネイキッド＆ストリート,1371,0,0,31,https://www.bikebros.co.jp/catalog/10/31_2/,2026-09-05
トライアンフ,Bonneville T100 / BLACK ボンネビルT100 / ブラック,60,698000,2500000,1359000,1429000,15,899,,ネイキッド＆ストリート,416,5,5,348,https://www.bikebros.co.jp/catalog/10/31_3/,2026-09-05
トライアンフ,Street Twin ストリートツイン,18,620000,968000,,,,899,,ネイキッド＆ストリート,569,4.7,6,160,https://www.bikebros.co.jp/catalog/10/31_5/,2026-09-05
トライアンフ,Bonneville T120 / BLACK ボンネビルT120 / ブラック,44,950000,1990000,1679000,1789000,25,1200,,ネイキッド＆ストリート,172,4.7,6,218,https://www.bikebros.co.jp/catalog/10/31_6/,2026-09-05
トライアンフ,Bonneville Bobber ボンネビルボバー,21,1177000,1954000,1899000,2069000,8,1200,,ネイキッド＆ストリート,694,0,0,143,https://www.bikebros.co.jp/catalog/10/31_7/,2026-09-05
トライアンフ,Rocket Ⅲ ロケットスリー,2,1980000,2233000,,,,2294,,アメリカン＆クルーザー,1016,4.2,5,46,https://www.bikebros.co.jp/catalog/10/34_1/,2026-09-05
トライアンフ,Street Cup ストリートカップ,3,990000,1045000,,,,900,,ネイキッド＆ストリート,2127,0,0,30,https://www.bikebros.co.jp/catalog/10/36_1/,2026-09-05
トライアンフ,Street Scrambler ストリートスクランブラー,12,638000,1250000,,,,899,,ネイキッド＆ストリート,1116,0,0,85,https://www.bikebros.co.jp/catalog/10/37_1/,2026-09-05
トライアンフ,Bonneville Speedmaster ボンネビルスピードマスター,13,1288000,1899000,1899000,1999000,7,1200,,ネイキッド＆ストリート,399,0,0,52,https://www.bikebros.co.jp/catalog/10/999_1/,2026-09-05
トライアンフ,Rocket 3 R/Black ロケットスリーR/ブラック,2,2480000,2528000,,,,2458,,アメリカン＆クルーザー,695,0,0,35,https://www.bikebros.co.jp/catalog/10/999_16/,2026-09-05
トライアンフ,Rocket 3 GT/Triple Black ロケットスリーGT/トリプルブラック,2,2532000,2550000,,,,2458,,アメリカン＆クルーザー,2858,0,0,10,https://www.bikebros.co.jp/catalog/10/999_17/,2026-09-05
トライアンフ,Daytona Moto2(TM) 765 Limited Edition デイトナ765モト2リミテッドエディション,5,1459800,2200000,,,,765,,スポーツ＆ツアラー,1688,0,0,11,https://www.bikebros.co.jp/catalog/10/999_18/,2026-09-05
トライアンフ,Thruxton 1200RS スラクストン1200 RS,18,1748000,2958000,,,,1200,,ネイキッド＆ストリート,528,5,1,96,https://www.bikebros.co.jp/catalog/10/999_22/,2026-09-05
トライアンフ,Tiger 900 GT/Pro タイガー900GT/プロ,4,1595000,1880000,,,,887.3,,スポーツ＆ツアラー,601,0,0,20,https://www.bikebros.co.jp/catalog/10/999_26/,2026-09-05
トライアンフ,Tiger 900 Rally/Pro タイガー900ラリー/プロ,8,990000,2267000,2005000,2060000,3,887.3,,スポーツ＆ツアラー,2452,5,1,17,https://www.bikebros.co.jp/catalog/10/999_27/,2026-09-05
トライアンフ,TRIDENT 660 トライデント660,50,658900,1600000,1008000,1069000,11,659.3,,ネイキッド＆ストリート,341,0,0,123,https://www.bikebros.co.jp/catalog/10/999_32/,2026-09-05
トライアンフ,Tiger 850 Sport タイガー850スポーツ,4,1090000,1280000,,,,887.3,,スポーツ＆ツアラー,3759,0,0,3,https://www.bikebros.co.jp/catalog/10/999_33/,2026-09-05
トライアンフ,Speed Triple 1200RS スピードトリプル1200RS,18,1198000,2210000,2055000,2290000,6,1160,,ネイキッド＆ストリート,652,0,0,29,https://www.bikebros.co.jp/catalog/10/999_34/,2026-09-05
トライアンフ,Tiger Sport 660 タイガースポーツ660,14,848000,1084000,880000,1199000,15,659.3,,オフロード＆モタード,733,5,1,19,https://www.bikebros.co.jp/catalog/10/999_38/,2026-09-05
トライアンフ,Speed Triple 1200RR スピードトリプル1200RR,6,1488000,2300000,2330000,2995000,3,1158,,スポーツ＆ツアラー,1117,0,0,19,https://www.bikebros.co.jp/catalog/10/999_39/,2026-09-05
トライアンフ,Tiger 1200 GT Pro タイガー1200GTプロ,6,1878000,2170000,,,,1158.4,,スポーツ＆ツアラー,2454,0,0,2,https://www.bikebros.co.jp/catalog/10/999_45/,2026-09-05
トライアンフ,Tiger 1200 Rally Pro タイガー1200ラリープロ,4,1750000,2485000,,,,1158.4,,スポーツ＆ツアラー,3117,0,0,2,https://www.bikebros.co.jp/catalog/10/999_47/,2026-09-05
トライアンフ,Tiger 1200 Rally Explorer タイガー1200ラリーエクスプローラー,2,1950000,2420000,2785000,2830000,2,1160,,スポーツ＆ツアラー,5605,0,0,2,https://www.bikebros.co.jp/catalog/10/999_48/,2026-09-05
トライアンフ,Speed Twin 900 スピードツイン900,20,792000,1280000,1239000,1319000,14,899,,ネイキッド＆ストリート,265,0,0,72,https://www.bikebros.co.jp/catalog/10/999_49/,2026-09-05
トライアンフ,Scrambler 900 スクランブラー900,8,1148000,1458000,1365000,1550000,12,899,,ネイキッド＆ストリート,515,0,0,35,https://www.bikebros.co.jp/catalog/10/999_50/,2026-09-05
トライアンフ,Street Triple765 Moto2(TM) Edition ストリートトリプル765 Moto2エディション,3,1748000,1799000,,,,765,,ネイキッド＆ストリート,1988,0,0,6,https://www.bikebros.co.jp/catalog/10/999_51/,2026-09-05
トライアンフ,Speed 400 スピード400,23,473000,739000,729000,802000,10,398,,ネイキッド＆ストリート,280,0,0,41,https://www.bikebros.co.jp/catalog/10/999_52/,2026-09-05
トライアンフ,Scrambler 400X スクランブラー400X,30,547800,892000,819000,842000,7,398,,ネイキッド＆ストリート,581,0,0,15,https://www.bikebros.co.jp/catalog/10/999_53/,2026-09-05
トライアンフ,Scrambler 1200 X スクランブラー1200X,12,1630000,1820000,1590000,1901600,6,1197,,ネイキッド＆ストリート,1118,0,0,4,https://www.bikebros.co.jp/catalog/10/999_54/,2026-09-05
トライアンフ,Daytona 660 デイトナ660,25,780000,1120100,880000,1179000,21,659.3,,スポーツ＆ツアラー,802,5,2,27,https://www.bikebros.co.jp/catalog/10/999_56/,2026-09-05
トライアンフ,Rocket 3 Storm R ロケットスリーストームR,4,2520000,3488000,3059000,3089000,6,2457,,アメリカン＆クルーザー,1203,4,1,2,https://www.bikebros.co.jp/catalog/10/999_57/,2026-09-05
トライアンフ,Rocket 3 Storm GT ロケットスリーストームGT,2,2998000,3080000,,,,2457,,アメリカン＆クルーザー,1431,0,0,4,https://www.bikebros.co.jp/catalog/10/999_58/,2026-09-05
トライアンフ,Scrambler 1200 XE スクランブラー1200XE,3,1260000,1950000,1780000,2269000,8,1197,,ネイキッド＆ストリート,1321,0,0,15,https://www.bikebros.co.jp/catalog/10/999_6/,2026-09-05
トライアンフ,Speed Twin 1200RS スピードツイン1200RS,8,1680000,2195000,2229000,2289000,7,1197,,ネイキッド＆ストリート,1550,0,0,5,https://www.bikebros.co.jp/catalog/10/999_61/,2026-09-05
トライアンフ,Tiger Sport 800 タイガースポーツ800,11,1240000,1414000,1408000,1425000,9,798.4,,スポーツ＆ツアラー,1048,0,0,4,https://www.bikebros.co.jp/catalog/10/999_64/,2026-09-05
トライアンフ,Speed Triple 1200RX スピードトリプル1200RX,3,2190900,2346000,2335000,2565000,8,1160,,ネイキッド＆ストリート,1615,0,0,1,https://www.bikebros.co.jp/catalog/10/999_68/,2026-09-05
トライアンフ,Scrambler 400XC スクランブラー400XC,10,830000,913900,949000,1050000,13,398,,オフロード＆モタード,1757,0,0,2,https://www.bikebros.co.jp/catalog/10/999_69/,2026-09-05
トライアンフ,Speed Twin 1200 スピードツイン1200,17,798000,1949000,1909000,2519000,8,1197,,ネイキッド＆ストリート,252,4,1,98,https://www.bikebros.co.jp/catalog/10/999_7/,2026-09-05
トライアンフ,Thruxton 400 スラクストン400,4,798000,852000,849900,862900,13,398,,スポーツ＆ツアラー,939,0,0,6,https://www.bikebros.co.jp/catalog/10/999_70/,2026-09-05
トライアンフ,TRIDENT 800 トライデント800,9,1151000,1244000,1249000,1269000,14,798,,ネイキッド＆ストリート,940,0,0,1,https://www.bikebros.co.jp/catalog/10/999_76/,2026-09-05
トライアンフ,Street Triple765 RX ストリートトリプル765 RX,6,1528000,1715000,,,,765,,ネイキッド＆ストリート,2661,0,0,0,https://www.bikebros.co.jp/catalog/10/999_81/,2026-09-05
トライアンフ,Tracker 400 トラッカー400,5,749000,790000,809000,822900,11,398,,ネイキッド＆ストリート,870,0,0,2,https://www.bikebros.co.jp/catalog/10/999_83/,2026-09-05
ケーティーエム,250 EXC-F,4,740000,1429000,1300000,1729000,9,249.91,,オフロード＆モタード,871,5,2,66,https://www.bikebros.co.jp/catalog/33/10_14/,2026-09-05
ケーティーエム,500 EXC-F,2,1000000,1980000,,,,510.4,,オフロード＆モタード,2898,0,0,5,https://www.bikebros.co.jp/catalog/33/10_22/,2026-09-05
ケーティーエム,250 EXC /TPI,4,760000,1380000,,,,249,,オフロード＆モタード,548,5,1,75,https://www.bikebros.co.jp/catalog/33/10_3/,2026-09-05
ケーティーエム,690 SMC R,2,1479000,1499000,1570000,1799000,7,692.7,,オフロード＆モタード,713,0,0,49,https://www.bikebros.co.jp/catalog/33/13_4/,2026-09-05
ケーティーエム,990 SUPER DUKE 990スーパーデューク,2,529800,926200,,,,999,,スポーツ＆ツアラー,1998,4,1,19,https://www.bikebros.co.jp/catalog/33/23_1/,2026-09-05
ケーティーエム,1290 SUPER DUKE R 1290スーパーデュークR,2,799000,1099900,,,,1301,,ネイキッド＆ストリート,549,5,2,116,https://www.bikebros.co.jp/catalog/33/23_3/,2026-09-05
ケーティーエム,1290 SUPER DUKE GT 1290 スーパーデュークGT,4,899000,1559400,1899000,2599000,2,1301,,ネイキッド＆ストリート,1763,4.8,4,52,https://www.bikebros.co.jp/catalog/33/23_4/,2026-09-05
ケーティーエム,250 DUKE 250デューク,16,178000,529000,395500,689000,8,249,,ネイキッド＆ストリート,308,4,2,158,https://www.bikebros.co.jp/catalog/33/25_10/,2026-09-05
ケーティーエム,690 DUKE 690デューク,2,400000,488000,,,,690,,スポーツ＆ツアラー,1158,4.1,10,127,https://www.bikebros.co.jp/catalog/33/25_4/,2026-09-05
ケーティーエム,125DUKE 125デューク,16,188000,400000,344100,465000,8,124.9,,ネイキッド＆ストリート,312,3.8,6,202,https://www.bikebros.co.jp/catalog/33/25_5/,2026-09-05
ケーティーエム,200DUKE 200デューク,8,198000,330000,,,,199.5,,ネイキッド＆ストリート,751,4.7,6,267,https://www.bikebros.co.jp/catalog/33/25_7/,2026-09-05
ケーティーエム,390 DUKE 390デューク,41,280000,679000,,,,398.7,,ネイキッド＆ストリート,176,4.2,6,422,https://www.bikebros.co.jp/catalog/33/25_8/,2026-09-05
ケーティーエム,640 DUKE 2 640デューク2,2,280000,435000,,,,625,,スポーツ＆ツアラー,3852,0,0,10,https://www.bikebros.co.jp/catalog/33/25_9/,2026-09-05
ケーティーエム,1190 RC8,2,1050000,1568800,,,,1148,,スポーツ＆ツアラー,5744,5,1,15,https://www.bikebros.co.jp/catalog/33/2_1/,2026-09-05
ケーティーエム,1190 RC8 R,2,980000,1388000,,,,1195,,スポーツ＆ツアラー,1693,5,1,21,https://www.bikebros.co.jp/catalog/33/2_2/,2026-09-05
ケーティーエム,RC125,5,290000,450000,334100,348000,3,124.7,,スポーツ＆ツアラー,403,0,0,27,https://www.bikebros.co.jp/catalog/33/32_1/,2026-09-05
ケーティーエム,RC390,10,298000,548000,528000,530000,3,373.2,,スポーツ＆ツアラー,484,4.3,3,133,https://www.bikebros.co.jp/catalog/33/32_2/,2026-09-05
ケーティーエム,RC250,3,178000,428000,,,,248.8,,スポーツ＆ツアラー,1052,5,1,54,https://www.bikebros.co.jp/catalog/33/32_3/,2026-09-05
ケーティーエム,その他のモデル,2,899000,3898000,,,,,,その他のタイプ,6258,0,0,8,https://www.bikebros.co.jp/catalog/33/9999_1/,2026-09-05
ケーティーエム,790 ADVENTURE 790アドベンチャー,3,900000,1100000,949000,1460000,3,799,,オフロード＆モタード,1323,0,0,13,https://www.bikebros.co.jp/catalog/33/999_14/,2026-09-05
ケーティーエム,150 EXC /TPI,3,950000,1290000,,,,143.9,,オフロード＆モタード,2900,0,0,2,https://www.bikebros.co.jp/catalog/33/999_16/,2026-09-05
ケーティーエム,390 ADVENTURE 390アドベンチャー,12,360000,693000,648200,671000,2,373.2,,オフロード＆モタード,992,0,0,54,https://www.bikebros.co.jp/catalog/33/999_17/,2026-09-05
ケーティーエム,250 ADVENTURE 250アドベンチャー,12,398000,700000,498000,769000,6,248.8,,オフロード＆モタード,602,0,0,18,https://www.bikebros.co.jp/catalog/33/999_24/,2026-09-05
ケーティーエム,890 DUKE / GP 890デューク/GP,2,759000,898000,,,,889,,ネイキッド＆ストリート,3177,0,0,7,https://www.bikebros.co.jp/catalog/33/999_25/,2026-09-05
ケーティーエム,1290 SUPER DUKE R EVO 1290スーパーデュークRエボ,3,1504900,1694900,,,,1301,,ネイキッド＆ストリート,1999,4,1,14,https://www.bikebros.co.jp/catalog/33/999_26/,2026-09-05
ケーティーエム,790 DUKE 790デューク,6,528000,1220000,1190000,1198000,9,799,,ネイキッド＆ストリート,349,0,0,50,https://www.bikebros.co.jp/catalog/33/999_6/,2026-09-05
MVアグスタ,F4,5,1120000,3157000,,,,998,,スポーツ＆ツアラー,393,4,2,39,https://www.bikebros.co.jp/catalog/14/3_1/,2026-09-05
MVアグスタ,F4 1078 RR,2,1520000,1629800,,,,1078.8,,スポーツ＆ツアラー,3448,0,0,10,https://www.bikebros.co.jp/catalog/14/3_13/,2026-09-05
MVアグスタ,F4 R,2,1388000,1400000,,,,998,,スポーツ＆ツアラー,4188,0,0,24,https://www.bikebros.co.jp/catalog/14/3_17/,2026-09-05
MVアグスタ,F4 1000R,3,1129000,2400000,,,,998,,スポーツ＆ツアラー,2866,0,0,8,https://www.bikebros.co.jp/catalog/14/3_9/,2026-09-05
MVアグスタ,BRUTALE 750S ブルターレ750S,2,600000,698000,,,,749.4,,ネイキッド＆ストリート,4662,0,0,15,https://www.bikebros.co.jp/catalog/14/4_1/,2026-09-05
MVアグスタ,BRUTALE 1090 R ブルターレ1090R,2,598000,698000,,,,1078,,ネイキッド＆ストリート,5640,0,0,8,https://www.bikebros.co.jp/catalog/14/4_11/,2026-09-05
MVアグスタ,BRUTALE 910S ブルターレ910S,3,690000,810000,,,,909.1,,ネイキッド＆ストリート,3451,0,0,12,https://www.bikebros.co.jp/catalog/14/4_14/,2026-09-05
MVアグスタ,BRUTALE 800 ブルターレ800,2,950000,1090000,,,,798,,ネイキッド＆ストリート,1691,0,0,33,https://www.bikebros.co.jp/catalog/14/4_15/,2026-09-05
MVアグスタ,BRUTALE 800 RR ブルターレ800RR,6,999000,1500000,,,,798,,ネイキッド＆ストリート,2463,0,0,11,https://www.bikebros.co.jp/catalog/14/4_18/,2026-09-05
MVアグスタ,BRUTALE 1090 RR ブルターレ1090RR,3,849800,1045000,,,,1078,,ネイキッド＆ストリート,3450,4.5,2,15,https://www.bikebros.co.jp/catalog/14/4_4/,2026-09-05
MVアグスタ,F3 800,5,898000,1782000,,,,798,,スポーツ＆ツアラー,914,0,0,41,https://www.bikebros.co.jp/catalog/14/5_3/,2026-09-05
MVアグスタ,F3 800 RC,2,1388000,1850000,2830000,3960000,3,798,,スポーツ＆ツアラー,2869,0,0,9,https://www.bikebros.co.jp/catalog/14/5_6/,2026-09-05
MVアグスタ,SUPERVELOCE 800 Serie Oro スーパーベローチェ 800 セリエ オロ,3,2800000,2900000,,,,798,,スポーツ＆ツアラー,5149,4,1,5,https://www.bikebros.co.jp/catalog/14/999_10/,2026-09-05
MVアグスタ,BRUTALE 1000 Serie Oro ブルターレ1000セリエオロ,2,4200000,4389000,,,,998,,ネイキッド＆ストリート,4667,0,0,1,https://www.bikebros.co.jp/catalog/14/999_11/,2026-09-05
MVアグスタ,BRUTALE 1000 RR ブルターレ1000RR,2,3020000,3680000,,,,998,,ネイキッド＆ストリート,1993,0,0,3,https://www.bikebros.co.jp/catalog/14/999_13/,2026-09-05
MVアグスタ,BRUTALE 800 ROSSO ブルターレ800ロッソ,2,1238600,1720000,,,,798,,ネイキッド＆ストリート,3454,0,0,2,https://www.bikebros.co.jp/catalog/14/999_15/,2026-09-05
MVアグスタ,SUPERVELOCE 800 スーパーベローチェ 800,5,1649800,5000000,2350000,3190000,5,798,,スポーツ＆ツアラー,1120,0,0,9,https://www.bikebros.co.jp/catalog/14/999_18/,2026-09-05
MVアグスタ,TURISMOVELOCE 800 LUSSO SCS ツーリズモベローチェ800 LUSSO SCS,3,1980000,2140000,,,,798,,スポーツ＆ツアラー,3132,0,0,1,https://www.bikebros.co.jp/catalog/14/999_20/,2026-09-05
MVアグスタ,BRUTALE 1000 RS ブルターレ1000RS,2,2980000,3080000,,,,998,,ネイキッド＆ストリート,4195,0,0,1,https://www.bikebros.co.jp/catalog/14/999_36/,2026-09-05
MVアグスタ,F3 800 RR,4,1929800,2850000,3030000,3580000,4,798,,スポーツ＆ツアラー,3456,0,0,1,https://www.bikebros.co.jp/catalog/14/999_37/,2026-09-05
MVアグスタ,DRAGSTER 800 RC ドラッグスター800RC,2,1683000,2200000,,,,798,,ネイキッド＆ストリート,4191,0,0,4,https://www.bikebros.co.jp/catalog/14/999_9/,2026-09-05
モトグッツィ,V7 Classic V7クラシック,4,638000,834900,,,,744,,ネイキッド＆ストリート,1610,4.8,5,26,https://www.bikebros.co.jp/catalog/9/14_1/,2026-09-05
モトグッツィ,V7 Cafe Classic V7カフェクラシック,2,730000,823000,,,,744,,ネイキッド＆ストリート,4143,0,0,6,https://www.bikebros.co.jp/catalog/9/14_3/,2026-09-05
モトグッツィ,V7 Racer V7レーサー,4,670000,891000,,,,744,,ネイキッド＆ストリート,988,4.5,2,51,https://www.bikebros.co.jp/catalog/9/14_4/,2026-09-05
モトグッツィ,V7 Stone V7ストーン,9,630000,1410000,1300000,1540000,12,853.4,,ネイキッド＆ストリート,434,4.5,2,78,https://www.bikebros.co.jp/catalog/9/14_5/,2026-09-05
モトグッツィ,V7 SPECIAL V7スペシャル,2,799700,1080000,1410000,1628000,14,853.4,,ネイキッド＆ストリート,1047,5,2,39,https://www.bikebros.co.jp/catalog/9/14_6/,2026-09-05
モトグッツィ,V7 ⅡStone V7 2 ストーン,4,506000,898000,,,,744,,ネイキッド＆ストリート,4144,0,0,28,https://www.bikebros.co.jp/catalog/9/14_7/,2026-09-05
モトグッツィ,V7 Ⅱ Racer V7 2 レーサー,2,848000,902000,,,,744,,ネイキッド＆ストリート,4614,0,0,9,https://www.bikebros.co.jp/catalog/9/14_8/,2026-09-05
モトグッツィ,V850 Le Mans V850ルマン,12,1320000,2100000,,,,,,スポーツ＆ツアラー,4620,0,0,3,https://www.bikebros.co.jp/catalog/9/22_1/,2026-09-05
モトグッツィ,V9 BOBBER V9 ボバー,4,599000,1430000,1452000,1573000,2,853,,ネイキッド＆ストリート,1080,1,1,23,https://www.bikebros.co.jp/catalog/9/25_1/,2026-09-05
モトグッツィ,V7 Ⅲ Stone V7 3 ストーン,4,898000,1290000,,,,744,,ネイキッド＆ストリート,2270,0,0,16,https://www.bikebros.co.jp/catalog/9/26_1/,2026-09-05
モトグッツィ,1100S,6,675000,1100000,,,,,,スポーツ＆ツアラー,5099,0,0,2,https://www.bikebros.co.jp/catalog/9/5_1/,2026-09-05
モトグッツィ,その他のモデル,4,698000,2230000,,,,,,その他のタイプ,3420,5,1,18,https://www.bikebros.co.jp/catalog/9/9999_1/,2026-09-05
モトグッツィ,V7 Ⅲ Special V7 3 スペシャル,2,798000,1288000,,,,744,,ネイキッド＆ストリート,2446,4,1,4,https://www.bikebros.co.jp/catalog/9/999_1/,2026-09-05
モトグッツィ,V85 TT Travel V85 TTトラベル,4,1300000,1680000,,,,853,,スポーツ＆ツアラー,1272,5,1,9,https://www.bikebros.co.jp/catalog/9/999_14/,2026-09-05
モトグッツィ,V100 Mandello / S V100マンデッロ / S,7,1588000,2098000,1815000,2640000,10,1042,,スポーツ＆ツアラー,1548,0,0,1,https://www.bikebros.co.jp/catalog/9/999_18/,2026-09-05
モトグッツィ,V7 Stone Corsa V7ストーン コルサ,2,1088000,1500000,,,,853.4,,ネイキッド＆ストリート,2853,0,0,0,https://www.bikebros.co.jp/catalog/9/999_19/,2026-09-05
モトグッツィ,V11 CAFE SPORT V11カフェスポルト,2,629000,935000,,,,1064,,スポーツ＆ツアラー,4612,4.6,5,6,https://www.bikebros.co.jp/catalog/9/9_1/,2026-09-05
アプリリア,CLASSIC50 クラシック50,15,199000,499900,,,,49.7,50cc以下,アメリカン＆クルーザー,1081,4.6,10,17,https://www.bikebros.co.jp/catalog/11/15_1/,2026-09-05
アプリリア,TUONO 50 トゥオーノ50,2,429000,484000,,,,49.7,50cc以下,ネイキッド＆ストリート,3436,5,1,4,https://www.bikebros.co.jp/catalog/11/21_1/,2026-09-05
アプリリア,Tuono 1000R Factory トゥオーノ1000Rファクトリー,2,698000,770000,,,,998,751～1000cc,ネイキッド＆ストリート,3769,0,0,3,https://www.bikebros.co.jp/catalog/11/21_5/,2026-09-05
アプリリア,RSV4 FACTORY RSV4ファクトリー,2,998000,1370000,,,,1099,1001cc以上,スポーツ＆ツアラー,640,4,1,17,https://www.bikebros.co.jp/catalog/11/30_1/,2026-09-05
アプリリア,RS4 125 / GP REPLICA,2,341000,352000,,,,124.2,51～125cc,スポーツ＆ツアラー,1494,4.5,4,77,https://www.bikebros.co.jp/catalog/11/31_1/,2026-09-05
アプリリア,RS4 50,3,550000,660000,,,,49.9,50cc以下,スポーツ＆ツアラー,463,0,0,18,https://www.bikebros.co.jp/catalog/11/31_2/,2026-09-05
アプリリア,CAPONORD 1200 カポノルド1200,3,698000,988000,,,,1197,1001cc以上,スポーツ＆ツアラー,2667,0,0,7,https://www.bikebros.co.jp/catalog/11/34_1/,2026-09-05
アプリリア,RS50,13,299000,599900,,,,49.7,50cc以下,スポーツ＆ツアラー,991,3.6,16,76,https://www.bikebros.co.jp/catalog/11/4_1/,2026-09-05
アプリリア,RS125 / GP REPLICA,3,558000,749800,,,,124.2,51～125cc,スポーツ＆ツアラー,483,4.2,9,99,https://www.bikebros.co.jp/catalog/11/4_2/,2026-09-05
アプリリア,RS250,7,1480000,2688000,,,,249,126～250cc,スポーツ＆ツアラー,1119,4.4,8,140,https://www.bikebros.co.jp/catalog/11/4_3/,2026-09-05
アプリリア,RS660,6,939000,1288000,1320000,1815000,10,659,401～750cc,スポーツ＆ツアラー,213,0,0,35,https://www.bikebros.co.jp/catalog/11/999_23/,2026-09-05
アプリリア,Tuono 660 トゥオーノ660,5,759000,849800,1130000,1342000,2,659,401～750cc,スポーツ＆ツアラー,1991,0,0,5,https://www.bikebros.co.jp/catalog/11/999_24/,2026-09-05
アプリリア,Tuareg 660 トゥアレグ660,2,838000,896500,1397000,1760000,5,659,401～750cc,オフロード＆モタード,1866,0,0,4,https://www.bikebros.co.jp/catalog/11/999_29/,2026-09-05
アプリリア,SR GT 200 / Sport / Replica SR GT 200 / スポーツ / レプリカ,2,450000,498000,535600,616000,13,174,126～250cc,ビッグスクーター,504,0,0,10,https://www.bikebros.co.jp/catalog/11/999_30/,2026-09-05
アプリリア,RS457,3,817000,859000,852700,880000,7,456.9,401～750cc,スポーツ＆ツアラー,1155,0,0,0,https://www.bikebros.co.jp/catalog/11/999_34/,2026-09-05
アプリリア,RX125,10,238000,368000,429000,498300,21,124.2,51～125cc,オフロード＆モタード,712,4,1,55,https://www.bikebros.co.jp/catalog/11/999_5/,2026-09-05
アプリリア,SX125,4,319000,440000,450900,517000,20,124.2,51～125cc,オフロード＆モタード,376,0,0,30,https://www.bikebros.co.jp/catalog/11/999_6/,2026-09-05
ハスクバーナ,NUDA 900 ヌーダ900,2,1880000,1950000,,,,898,751～1000cc,スポーツ＆ツアラー,2906,0,0,14,https://www.bikebros.co.jp/catalog/38/10_1/,2026-09-05
ハスクバーナ,NUDA 900R ヌーダ900R,2,1950000,2050000,,,,898,751～1000cc,スポーツ＆ツアラー,1160,0,0,21,https://www.bikebros.co.jp/catalog/38/10_2/,2026-09-05
ハスクバーナ,701 ENDURO 701エンデューロ,3,950000,1640000,1520000,1799000,6,692.7,401～750cc,オフロード＆モタード,770,4,1,20,https://www.bikebros.co.jp/catalog/38/13_2/,2026-09-05
ハスクバーナ,SM 250R,2,660000,720000,,,,,126～250cc,オフロード＆モタード,2902,2,1,12,https://www.bikebros.co.jp/catalog/38/3_2/,2026-09-05
ハスクバーナ,TE 250/i,4,800000,1450000,1292900,1459000,2,249,126～250cc,オフロード＆モタード,803,3.5,2,53,https://www.bikebros.co.jp/catalog/38/5_1/,2026-09-05
ハスクバーナ,NORDEN 901 ノーデン901,4,1265000,1420000,1628000,1969000,5,889.5,751～1000cc,オフロード＆モタード,1499,0,0,10,https://www.bikebros.co.jp/catalog/38/999_11/,2026-09-05
ハスクバーナ,SVARTPILEN 250 スヴァルトピレン250,10,398000,538000,555500,720000,7,249.1,126～250cc,ネイキッド＆ストリート,385,0,0,86,https://www.bikebros.co.jp/catalog/38/999_13/,2026-09-05
ハスクバーナ,SVARTPILEN 125 スヴァルトピレン125,4,350000,450000,,,,124.9,51～125cc,ネイキッド＆ストリート,1161,4,1,28,https://www.bikebros.co.jp/catalog/38/999_16/,2026-09-05
ハスクバーナ,SVARTPILEN 801 / SE スヴァルトピレン801 / SE,3,998000,1248000,1313100,1459000,17,799,751～1000cc,ネイキッド＆ストリート,1437,0,0,1,https://www.bikebros.co.jp/catalog/38/999_19/,2026-09-05
ハスクバーナ,SVARTPILEN 401 スヴァルトピレン401,25,288000,710000,719100,847000,10,398.6,251～400cc,ネイキッド＆ストリート,464,4,1,172,https://www.bikebros.co.jp/catalog/38/999_2/,2026-09-05
ハスクバーナ,VITPILEN 401 ヴィットピレン401,11,368000,699000,747900,831000,7,398.6,251～400cc,ネイキッド＆ストリート,445,0,0,78,https://www.bikebros.co.jp/catalog/38/999_3/,2026-09-05
ハスクバーナ,VITPILEN 701 ヴィットピレン701,2,688000,1020000,,,,692.7,401～750cc,ネイキッド＆ストリート,1279,0,0,34,https://www.bikebros.co.jp/catalog/38/999_4/,2026-09-05
ハスクバーナ,TE 150/i,2,950000,980000,,,,143.99,126～250cc,オフロード＆モタード,2485,0,0,2,https://www.bikebros.co.jp/catalog/38/999_6/,2026-09-05
ピアジオ,CHIAO チャオ,3,165000,299000,,,,,50cc以下,原付・スクーター,3794,4.5,2,11,https://www.bikebros.co.jp/catalog/16/13_1/,2026-09-05
ベスパ,LX150ie,2,350000,369000,,,,,126～250cc,ビッグスクーター,3143,5,1,17,https://www.bikebros.co.jp/catalog/17/13_7/,2026-09-05
ベスパ,LX125,6,214000,339000,399000,462000,28,124,51～125cc,ビッグスクーター,1049,0,0,12,https://www.bikebros.co.jp/catalog/17/13_9/,2026-09-05
ベスパ,PX125,2,663000,790000,,,,123,51～125cc,ビッグスクーター,1495,0,0,20,https://www.bikebros.co.jp/catalog/17/15_1/,2026-09-05
ベスパ,PX200E,2,830000,1140000,,,,,126～250cc,ビッグスクーター,5190,0,0,10,https://www.bikebros.co.jp/catalog/17/15_10/,2026-09-05
ベスパ,PX200FL2,2,1190000,1320000,,,,,126～250cc,ビッグスクーター,4696,0,0,32,https://www.bikebros.co.jp/catalog/17/15_12/,2026-09-05
ベスパ,PX150,12,718000,1800000,,,,150,126～250cc,ビッグスクーター,1692,0,0,28,https://www.bikebros.co.jp/catalog/17/15_3/,2026-09-05
ベスパ,PX125FL2,4,650000,850000,,,,,51～125cc,ビッグスクーター,4213,0,0,5,https://www.bikebros.co.jp/catalog/17/15_5/,2026-09-05
ベスパ,50,11,439500,960000,,,,,50cc以下,原付・スクーター,1552,0,0,8,https://www.bikebros.co.jp/catalog/17/20_1/,2026-09-05
ベスパ,50S VINTAGE 50Sビンテージ,2,690000,959000,,,,,50cc以下,原付・スクーター,4216,3.3,3,54,https://www.bikebros.co.jp/catalog/17/20_2/,2026-09-05
ベスパ,Primavera 125 プリマベーラ125,6,358000,489000,455000,599500,24,124.5,51～125cc,ビッグスクーター,846,0,0,14,https://www.bikebros.co.jp/catalog/17/23_1/,2026-09-05
ベスパ,Primavera 50 プリマベーラ50,2,248000,308000,,,,49,50cc以下,原付・スクーター,1760,0,0,5,https://www.bikebros.co.jp/catalog/17/23_2/,2026-09-05
ベスパ,Primavera 150 プリマベーラ150,9,379000,498000,461700,605000,24,154.8,126～250cc,ビッグスクーター,1435,0,0,16,https://www.bikebros.co.jp/catalog/17/23_3/,2026-09-05
ベスパ,Sprint 150 スプリント150,3,352000,498000,504000,544500,6,154.8,126～250cc,ビッグスクーター,899,0,0,27,https://www.bikebros.co.jp/catalog/17/24_1/,2026-09-05
ベスパ,125 PRIMAVERA 125プリマベーラ,2,368000,437800,437800,533500,3,125,51～125cc,原付・スクーター,5180,0,0,21,https://www.bikebros.co.jp/catalog/17/3_5/,2026-09-05
ベスパ,50ET2,2,250000,270000,,,,,50cc以下,原付・スクーター,5182,0,0,4,https://www.bikebros.co.jp/catalog/17/7_1/,2026-09-05
ベスパ,SEI GIORNI セイ ジョルニ,7,598000,768000,,,,278,251～400cc,ビッグスクーター,2672,4,1,15,https://www.bikebros.co.jp/catalog/17/999_1/,2026-09-05
ベスパ,VXL125,7,140000,260000,,,,124,51～125cc,ビッグスクーター,2673,0,0,16,https://www.bikebros.co.jp/catalog/17/999_7/,2026-09-05
ベスパ,GTS SuperTech 300 GTSスーパーテック300,3,758000,798000,,,,278,251～400cc,ビッグスクーター,2283,0,0,8,https://www.bikebros.co.jp/catalog/17/999_9/,2026-09-05
ベスパ,GTS250（ie）,5,259000,798000,,,,244,126～250cc,ビッグスクーター,1121,0,0,74,https://www.bikebros.co.jp/catalog/17/9_1/,2026-09-05
ベスパ,GTS300 Super GTS300スーパー,2,770000,798000,867100,898000,7,278,251～400cc,ビッグスクーター,1156,0,0,8,https://www.bikebros.co.jp/catalog/17/9_4/,2026-09-05
ベスパ,GTS Super 150 GTSスーパー150,11,399000,580000,572000,649000,10,155,126～250cc,ビッグスクーター,366,0,0,15,https://www.bikebros.co.jp/catalog/17/9_5/,2026-09-05
インディアン,Springfield スプリングフィールド,2,3360000,3900000,,,,1811,1001cc以上,アメリカン＆クルーザー,3526,0,0,0,https://www.bikebros.co.jp/catalog/100/282_1/,2026-09-05
インディアン,Chief チーフ,2,1800000,6600000,,,,1811,1001cc以上,アメリカン＆クルーザー,5374,0,0,3,https://www.bikebros.co.jp/catalog/100/96_1/,2026-09-05
インディアン,Chief Vintage チーフビンテージ,3,1900000,3300000,3380000,3880000,14,1811,1001cc以上,アメリカン＆クルーザー,2303,0,0,14,https://www.bikebros.co.jp/catalog/100/96_3/,2026-09-05
インディアン,Chieftain チーフテン,2,3000000,3400000,,,,1890,1001cc以上,アメリカン＆クルーザー,2304,0,0,5,https://www.bikebros.co.jp/catalog/100/96_4/,2026-09-05
インディアン,Chief Dark Horse チーフダークホース,4,1598000,3020000,2480000,3000000,7,1890,1001cc以上,アメリカン＆クルーザー,1878,0,0,21,https://www.bikebros.co.jp/catalog/100/96_5/,2026-09-05
インディアン,Chieftain Dark Horse チーフテン ダークホース,4,2450000,4077000,3500000,4620000,4,1890,1001cc以上,アメリカン＆クルーザー,2922,0,0,3,https://www.bikebros.co.jp/catalog/100/96_6/,2026-09-05
インディアン,Scout スカウト,7,1188000,1800000,,,,1133,1001cc以上,ネイキッド＆ストリート,825,0,0,37,https://www.bikebros.co.jp/catalog/100/98_2/,2026-09-05
インディアン,Challenger Dark Horse チャレンジャー ダークホース,3,1838000,4000000,,,,1768,1001cc以上,アメリカン＆クルーザー,3897,0,0,0,https://www.bikebros.co.jp/catalog/100/999_12/,2026-09-05
インディアン,Challenger Limited チャレンジャー リミテッド,3,3280000,4490000,,,,1768,1001cc以上,アメリカン＆クルーザー,2703,0,0,3,https://www.bikebros.co.jp/catalog/100/999_13/,2026-09-05
インディアン,Scout 100th Anniversary Edition スカウト100周年アニバーサリーエディション,2,2598000,3470000,,,,1133,1001cc以上,ネイキッド＆ストリート,2926,5,1,1,https://www.bikebros.co.jp/catalog/100/999_14/,2026-09-05
インディアン,Scout Bobber Twenty スカウト ボバートゥエンティ,5,1288000,2050000,,,,1133,1001cc以上,ネイキッド＆ストリート,4338,0,0,11,https://www.bikebros.co.jp/catalog/100/999_15/,2026-09-05
インディアン,FTR Carbon FTR1200カーボン,2,1878000,1900000,,,,1203,1001cc以上,ネイキッド＆ストリート,3527,0,0,4,https://www.bikebros.co.jp/catalog/100/999_19/,2026-09-05
インディアン,FTR R Carbon FTR 1200Rカーボン,8,1700000,3200000,,,,1203,1001cc以上,ネイキッド＆ストリート,2500,0,0,4,https://www.bikebros.co.jp/catalog/100/999_23/,2026-09-05
インディアン,Chief Bobber Dark Horse チーフ ボバー ダークホース,7,1788000,2990000,2710000,3280000,4,1890,1001cc以上,アメリカン＆クルーザー,4339,0,0,9,https://www.bikebros.co.jp/catalog/100/999_24/,2026-09-05
インディアン,Super Chief Limited スーパー チーフ リミテッド,2,2680000,2980000,2890000,3280000,3,1890,1001cc以上,アメリカン＆クルーザー,3529,0,0,2,https://www.bikebros.co.jp/catalog/100/999_25/,2026-09-05
インディアン,Scout Rogue スカウトローグ,2,1480000,1848000,,,,1133,1001cc以上,ネイキッド＆ストリート,3899,0,0,13,https://www.bikebros.co.jp/catalog/100/999_26/,2026-09-05
インディアン,Sport Chief スポーツチーフ,11,2088000,3800000,3130000,3430000,2,1890,1001cc以上,ネイキッド＆ストリート,2704,5,1,4,https://www.bikebros.co.jp/catalog/100/999_29/,2026-09-05
インディアン,Scout Bobber スカウト ボバー,6,1498000,2890000,2080000,2430000,16,1250,1001cc以上,ネイキッド＆ストリート,715,0,0,66,https://www.bikebros.co.jp/catalog/100/999_3/,2026-09-05
インディアン,Sport Scout スポーツ スカウト,2,1588000,1780000,2070000,2245000,4,1250,1001cc以上,ネイキッド＆ストリート,2927,0,0,2,https://www.bikebros.co.jp/catalog/100/999_30/,2026-09-05
インディアン,Super Scout スーパー スカウト,2,1988000,2000000,,,,1250,1001cc以上,ネイキッド＆ストリート,3900,0,0,0,https://www.bikebros.co.jp/catalog/100/999_32/,2026-09-05
インディアン,101 Scout 101スカウト,9,1938000,2480000,,,,1250,1001cc以上,ネイキッド＆ストリート,1283,5,1,1,https://www.bikebros.co.jp/catalog/100/999_33/,2026-09-05
インディアン,Challenger Elite チャレンジャー エリート,2,5280000,5498000,6350000,6358000,3,1834,1001cc以上,アメリカン＆クルーザー,5847,0,0,0,https://www.bikebros.co.jp/catalog/100/999_37/,2026-09-05
インディアン,Springfield Dark Horse スプリングフィールド ダークホース,2,2970000,3360000,3660000,3880000,5,1890,1001cc以上,アメリカン＆クルーザー,2923,0,0,4,https://www.bikebros.co.jp/catalog/100/999_5/,2026-09-05
インディアン,FTR FTR1200,6,1140000,2200000,,,,1203,1001cc以上,ネイキッド＆ストリート,1165,5,1,1,https://www.bikebros.co.jp/catalog/100/999_8/,2026-09-05
インディアン,FTR S FTR1200S,19,1438000,2620000,,,,1203,1001cc以上,ネイキッド＆ストリート,1880,0,0,14,https://www.bikebros.co.jp/catalog/100/999_9/,2026-09-05
キムコ,AGILITY 125 アジリティ125,2,99800,128800,,,,,51～125cc,原付・スクーター,4304,4.2,8,21,https://www.bikebros.co.jp/catalog/41/10_2/,2026-09-05
キムコ,GRAND DINK 125Z グランドディンク125Z,3,98000,110000,,,,,51～125cc,ビッグスクーター,5799,0,0,31,https://www.bikebros.co.jp/catalog/41/15_6/,2026-09-05
キムコ,SUPER 9 S スーパー9S,3,129800,220000,,,,,50cc以下,原付・スクーター,2488,5,1,43,https://www.bikebros.co.jp/catalog/41/18_2/,2026-09-05
キムコ,Racing S125 レーシングS125,3,139600,289000,,,,124.8,51～125cc,原付・スクーター,2489,4,1,13,https://www.bikebros.co.jp/catalog/41/26_6/,2026-09-05
キムコ,KRV180TCS,2,358000,389000,,,,175.1,126～250cc,ビッグスクーター,2295,0,0,12,https://www.bikebros.co.jp/catalog/41/999_10/,2026-09-05
キムコ,Tersely S125 ターセリーS125,4,182000,275000,317000,324500,2,124.8,51～125cc,ビッグスクーター,1767,0,0,3,https://www.bikebros.co.jp/catalog/41/999_4/,2026-09-05
キムコ,GP125,8,99800,210000,218000,232000,3,124.6,51～125cc,原付・スクーター,1623,0,0,15,https://www.bikebros.co.jp/catalog/41/999_6/,2026-09-05
ビューエル,Firebolt XB12R ファイアーボルト XB12R,4,599000,900000,,,,,1001cc以上,スポーツ＆ツアラー,2251,4.6,5,83,https://www.bikebros.co.jp/catalog/6/1_2/,2026-09-05
ビューエル,Lightning S1 ライトニング S1,3,1280000,2420000,,,,,1001cc以上,スポーツ＆ツアラー,3389,0,0,44,https://www.bikebros.co.jp/catalog/6/2_1/,2026-09-05
ビューエル,Lightning X1 ライトニング X1,3,980000,1397000,,,,,1001cc以上,スポーツ＆ツアラー,4109,5,3,55,https://www.bikebros.co.jp/catalog/6/2_2/,2026-09-05
ビューエル,Thunder bolt S3 サンダーボルト S3,2,890000,1080000,,,,,1001cc以上,スポーツ＆ツアラー,4111,4.5,2,4,https://www.bikebros.co.jp/catalog/6/5_2/,2026-09-05
